timestamp,context,hour,motion,light,user_id,user_value,resolved_value,all_preferences,conflict_id
2025-11-21 19:28:21,h23_m0_l54,23,0,54,child,0.0,0.0,parent:0.0; child:0.0,1
2025-11-21 19:28:21,h23_m0_l54,23,0,54,guest,0.0,0.0,parent:0.0; guest:0.0; child:0.0,2
2025-11-21 19:28:24,h0_m0_l5,0,0,5,child,0.0,0.0,parent:0.0; child:0.0,3
2025-11-21 19:28:24,h0_m0_l5,0,0,5,guest,0.0,0.0,parent:0.0; guest:0.0; child:0.0,4
2025-11-21 19:28:27,h1_m1_l19,1,1,19,child,60.0,80.0,parent:80.0; child:60.0,5
2025-11-21 19:28:27,h1_m1_l19,1,1,19,guest,70.0,80.0,parent:80.0; guest:70.0; child:60.0,6
2025-11-21 19:28:30,h2_m0_l15,2,0,15,child,0.0,0.0,parent:0.0; child:0.0,7
2025-11-21 19:28:30,h2_m0_l15,2,0,15,guest,0.0,0.0,parent:0.0; guest:0.0; child:0.0,8
2025-11-21 19:28:33,h3_m0_l6,3,0,6,child,0.0,0.0,parent:0.0; child:0.0,9
2025-11-21 19:28:33,h3_m0_l6,3,0,6,guest,0.0,0.0,parent:0.0; guest:0.0; child:0.0,10
2025-11-21 19:28:36,h4_m0_l12,4,0,12,child,0.0,0.0,parent:0.0; child:0.0,11
2025-11-21 19:28:36,h4_m0_l12,4,0,12,guest,0.0,0.0,parent:0.0; guest:0.0; child:0.0,12
2025-11-21 19:28:39,h5_m0_l5,5,0,5,child,0.0,0.0,parent:0.0; child:0.0,13
2025-11-21 19:28:39,h5_m0_l5,5,0,5,guest,0.0,0.0,parent:0.0; guest:0.0; child:0.0,14
2025-11-21 19:28:42,h6_m1_l45,6,1,45,child,50.0,70.0,parent:70.0; child:50.0,15
2025-11-21 19:28:42,h6_m1_l45,6,1,45,guest,60.0,70.0,parent:70.0; guest:60.0; child:50.0,16
2025-11-21 19:28:45,h7_m0_l51,7,0,51,child,0.0,0.0,parent:0.0; child:0.0,17
2025-11-21 19:28:45,h7_m0_l51,7,0,51,guest,0.0,0.0,parent:0.0; guest:0.0; child:0.0,18
2025-11-21 19:28:48,h8_m1_l27,8,1,27,child,50.0,70.0,parent:70.0; child:50.0,19
2025-11-21 19:28:48,h8_m1_l27,8,1,27,guest,60.0,70.0,parent:70.0; guest:60.0; child:50.0,20
2025-11-21 19:28:51,h9_m0_l45,9,0,45,child,0.0,0.0,parent:0.0; child:0.0,21
2025-11-21 19:28:51,h9_m0_l45,9,0,45,guest,0.0,0.0,parent:0.0; guest:0.0; child:0.0,22
2025-11-21 19:28:54,h10_m0_l44,10,0,44,child,0.0,0.0,parent:0.0; child:0.0,23
2025-11-21 19:28:54,h10_m0_l44,10,0,44,guest,0.0,0.0,parent:0.0; guest:0.0; child:0.0,24
2025-11-21 19:28:57,h11_m0_l33,11,0,33,child,0.0,0.0,parent:0.0; child:0.0,25
2025-11-21 19:28:57,h11_m0_l33,11,0,33,guest,0.0,0.0,parent:0.0; guest:0.0; child:0.0,26
2025-11-21 19:29:00,h12_m0_l89,12,0,89,child,0.0,0.0,parent:0.0; child:0.0,27
2025-11-21 19:29:00,h12_m0_l89,12,0,89,guest,0.0,0.0,parent:0.0; guest:0.0; child:0.0,28
2025-11-21 19:29:03,h13_m1_l44,13,1,44,child,50.0,70.0,parent:70.0; child:50.0,29
2025-11-21 19:29:03,h13_m1_l44,13,1,44,guest,60.0,70.0,parent:70.0; guest:60.0; child:50.0,30
2025-11-21 19:29:06,h14_m1_l93,14,1,93,child,30.0,40.0,parent:40.0; child:30.0,31
2025-11-21 19:29:06,h14_m1_l93,14,1,93,guest,35.0,40.0,parent:40.0; guest:35.0; child:30.0,32
2025-11-21 19:29:09,h15_m0_l88,15,0,88,child,0.0,0.0,parent:0.0; child:0.0,33
2025-11-21 19:29:09,h15_m0_l88,15,0,88,guest,0.0,0.0,parent:0.0; guest:0.0; child:0.0,34
2025-11-21 19:29:12,h16_m0_l76,16,0,76,child,0.0,0.0,parent:0.0; child:0.0,35
2025-11-21 19:29:12,h16_m0_l76,16,0,76,guest,0.0,0.0,parent:0.0; guest:0.0; child:0.0,36
2025-11-21 19:29:15,h17_m0_l47,17,0,47,child,0.0,0.0,parent:0.0; child:0.0,37
2025-11-21 19:29:15,h17_m0_l47,17,0,47,guest,0.0,0.0,parent:0.0; guest:0.0; child:0.0,38
2025-11-21 19:29:18,h18_m1_l43,18,1,43,child,50.0,70.0,parent:70.0; child:50.0,39
2025-11-21 19:29:18,h18_m1_l43,18,1,43,guest,60.0,70.0,parent:70.0; guest:60.0; child:50.0,40
2025-11-21 19:29:21,h19_m0_l2,19,0,2,child,0.0,0.0,parent:0.0; child:0.0,41
2025-11-21 19:29:21,h19_m0_l2,19,0,2,guest,0.0,0.0,parent:0.0; guest:0.0; child:0.0,42
2025-11-21 19:29:24,h20_m0_l25,20,0,25,child,0.0,0.0,parent:0.0; child:0.0,43
2025-11-21 19:29:24,h20_m0_l25,20,0,25,guest,0.0,0.0,parent:0.0; guest:0.0; child:0.0,44
2025-11-21 19:29:27,h21_m1_l22,21,1,22,child,50.0,70.0,parent:70.0; child:50.0,45
2025-11-21 19:29:27,h21_m1_l22,21,1,22,guest,60.0,70.0,parent:70.0; guest:60.0; child:50.0,46
2025-11-21 19:29:30,h22_m1_l9,22,1,9,child,60.0,80.0,parent:80.0; child:60.0,47
2025-11-21 19:29:30,h22_m1_l9,22,1,9,guest,70.0,80.0,parent:80.0; guest:70.0; child:60.0,48
2025-11-21 19:29:33,h23_m0_l54,23,0,54,parent,0.0,0.0,parent:0.0; guest:0.0; child:0.0,49
2025-11-21 19:29:33,h23_m0_l54,23,0,54,child,0.0,0.0,parent:0.0; guest:0.0; child:0.0,50
2025-11-21 19:29:33,h23_m0_l54,23,0,54,guest,0.0,0.0,parent:0.0; guest:0.0; child:0.0,51
2025-11-21 20:01:15,h17_m1_l79,17,1,79,guest,50.0,30.0,guest:50.0; child:30.0,1
2025-11-21 20:01:43,h3_m0_l1,3,0,1,parent,60.0,60.0,guest:30.0; parent:60.0,2
2025-11-22 00:57:47,h10_m1_l36,10,1,36,child,75.0,75.0,child:75.0; guest:50.0,1
2025-11-22 12:00:25,h18_m1_l40,18,1,40,parent,80.0,55.0,child:30.0; parent:80.0,1
2025-11-22 14:07:18,h2_m0_l12,2,0,12,child,30.0,55.0,parent:80.0; child:30.0,1
2025-11-22 14:07:22,h4_m0_l0,4,0,0,guest,60.0,40.0,child:40.0; guest:60.0,2
2025-11-22 14:07:59,h10_m1_l62,10,1,62,parent,77,77,guest:80.0; parent:77.0,1
2025-11-22 14:12:21,h7_m0_l52,7,0,52,child,30.0,55.0,parent:80.0; child:30.0,1
2025-11-22 14:12:25,h9_m1_l25,9,1,25,guest,60.0,40.0,child:40.0; guest:60.0,2
2025-11-22 14:25:09,h12_m1_l50,12,1,50,child,30,75,child:30.0; parent:75.0,1
2025-11-22 14:25:09,h12_m1_l50,12,1,50,parent,80,80,child:30.0; parent:80.0,2
2025-11-22 14:25:09,h18_m1_l40,18,1,40,child,40,60,child:40.0; parent:60.0,3
2025-11-22 14:29:17,h10_m1_l38,10,1,38,child,30.0,80.0,parent:80.0; child:30.0,1
2025-11-22 14:29:17,h10_m1_l38,10,1,38,child,30.0,80.0,child:30.0; parent:80.0,1
2025-11-22 14:29:21,h11_m1_l33,11,1,33,child,40.0,90.0,parent:90.0; child:40.0,2
2025-11-22 14:29:21,h11_m1_l33,11,1,33,child,40.0,90.0,child:40.0; parent:90.0,2
2025-11-22 14:29:21,h11_m1_l33,11,1,33,guest,60.0,90.0,guest:60.0; parent:90.0; child:40.0,3
2025-11-22 14:29:21,h11_m1_l33,11,1,33,guest,60.0,90.0,child:40.0; guest:60.0; parent:90.0,3
2025-11-22 14:38:09,h19_m0_l33,19,0,33,child,30.0,30.0,child:30.0; parent:80.0,1
2025-11-22 14:38:12,h20_m0_l49,20,0,49,child,30.0,80.0,child:30.0; parent:80.0,2
2025-11-22 16:52:11,h0_m0_l50,0,0,50,parent,80.0,80.0,parent:80.0; child:30.0,1
2025-11-22 16:52:14,h0_m0_l50,0,0,50,parent,25.0,25.0,parent:25.0; child:40.0,1
2025-11-22 16:52:15,h0_m0_l50,0,0,50,parent,40.0,40.0,parent:40.0; child:10.0,1
2025-11-22 16:52:18,h0_m0_l50,0,0,50,guest,60.0,25.0,parent:25.0; guest:60.0; child:40.0,2
2025-11-22 16:52:19,h0_m0_l50,0,0,50,guest,60.0,80.0,parent:80.0; guest:60.0; child:30.0,2
2025-11-22 16:52:21,h0_m0_l50,0,0,50,guest,30.0,40.0,parent:40.0; guest:30.0; child:10.0,2
2025-11-22 16:52:24,h0_m0_l50,0,0,50,guest,50.0,25.0,parent:25.0; guest:50.0; child:40.0,3
2025-11-22 16:52:25,h0_m0_l50,0,0,50,guest,65.0,25.0,parent:25.0; guest:65.0; child:40.0,4
2025-11-22 16:57:00,h0_m0_l50,0,0,50,child,55.0,25.0,parent:25.0; guest:65.0; child:55.0,5
2025-11-22 16:57:01,h0_m0_l50,0,0,50,child,50.0,80.0,parent:80.0; guest:60.0; child:50.0,3
2025-11-22 16:57:03,h0_m0_l50,0,0,50,child,80.0,40.0,parent:40.0; guest:30.0; child:80.0,3
2025-11-22 16:59:00,h12_m0_l50,12,0,50,parent,70.0,70.0,parent:70.0; guest:60.0,4
2025-11-22 16:59:00,h12_m0_l50,12,0,50,parent,70.0,70.0,parent:70.0; guest:60.0,1
2025-11-22 16:59:01,h12_m0_l50,12,0,50,parent,35.0,35.0,parent:35.0; guest:60.0,2
2025-11-22 16:59:01,h12_m0_l50,12,0,50,parent,35.0,35.0,parent:35.0; guest:60.0,5
2025-11-22 17:27:20,h10_m0_l72,10,0,72,child,0.0,0.0,parent:0.0; child:0.0,1
2025-11-22 17:27:20,h10_m0_l72,10,0,72,child,0.0,0.0,parent:0.0; child:0.0,1
2025-11-22 17:27:20,h10_m0_l72,10,0,72,child,0.0,0.0,parent:0.0; child:0.0,1
2025-11-22 17:27:20,h10_m0_l72,10,0,72,guest,0.0,0.0,parent:0.0; child:0.0; guest:0.0,2
2025-11-22 17:27:20,h10_m0_l72,10,0,72,guest,0.0,0.0,parent:0.0; child:0.0; guest:0.0,2
2025-11-22 17:27:20,h10_m0_l72,10,0,72,guest,0.0,0.0,parent:0.0; child:0.0; guest:0.0,2
2025-11-22 17:27:20,h20_m1_l55,20,1,55,child,50.0,70.0,parent:70.0; child:50.0,3
2025-11-22 17:27:20,h20_m1_l55,20,1,55,child,50.0,70.0,parent:70.0; child:50.0,3
2025-11-22 17:27:20,h20_m1_l55,20,1,55,child,50.0,70.0,parent:70.0; child:50.0,3
2025-11-22 17:27:20,h7_m0_l56,7,0,56,child,0.0,0.0,parent:0.0; child:0.0,4
2025-11-22 17:27:20,h7_m0_l56,7,0,56,child,0.0,0.0,parent:0.0; child:0.0,4
2025-11-22 17:27:20,h7_m0_l56,7,0,56,child,0.0,0.0,parent:0.0; child:0.0,4
2025-11-22 17:27:20,h12_m0_l65,12,0,65,child,0.0,0.0,parent:0.0; child:0.0,5
2025-11-22 17:27:20,h12_m0_l65,12,0,65,child,0.0,0.0,parent:0.0; child:0.0,5
2025-11-22 17:27:20,h12_m0_l65,12,0,65,child,0.0,0.0,parent:0.0; child:0.0,5
2025-11-22 17:27:20,h12_m0_l65,12,0,65,guest,0.0,0.0,parent:0.0; child:0.0; guest:0.0,6
2025-11-22 17:27:20,h12_m0_l65,12,0,65,guest,0.0,0.0,parent:0.0; child:0.0; guest:0.0,6
2025-11-22 17:27:20,h12_m0_l65,12,0,65,guest,0.0,0.0,parent:0.0; child:0.0; guest:0.0,6
2025-11-22 17:27:20,h11_m1_l44,11,1,44,child,50.0,70.0,parent:70.0; child:50.0,7
2025-11-22 17:27:20,h11_m1_l44,11,1,44,child,50.0,70.0,parent:70.0; child:50.0,7
2025-11-22 17:27:20,h11_m1_l44,11,1,44,child,50.0,70.0,parent:70.0; child:50.0,7
2025-11-22 17:27:20,h20_m0_l86,20,0,86,child,0.0,0.0,parent:0.0; child:0.0,8
2025-11-22 17:27:20,h20_m0_l86,20,0,86,child,0.0,0.0,parent:0.0; child:0.0,8
2025-11-22 17:27:20,h20_m0_l86,20,0,86,child,0.0,0.0,parent:0.0; child:0.0,8
2025-11-22 17:27:20,h12_m1_l29,12,1,29,child,50.0,70.0,parent:70.0; child:50.0,9
2025-11-22 17:27:20,h12_m1_l29,12,1,29,child,50.0,70.0,parent:70.0; child:50.0,9
2025-11-22 17:27:20,h12_m1_l29,12,1,29,child,50.0,70.0,parent:70.0; child:50.0,9
2025-11-22 17:27:20,h8_m1_l48,8,1,48,child,50.0,70.0,parent:70.0; child:50.0,10
2025-11-22 17:27:20,h8_m1_l48,8,1,48,child,50.0,70.0,parent:70.0; child:50.0,10
2025-11-22 17:27:20,h8_m1_l48,8,1,48,child,50.0,70.0,parent:70.0; child:50.0,10
2025-11-22 17:27:20,h19_m1_l47,19,1,47,child,50.0,70.0,parent:70.0; child:50.0,11
2025-11-22 17:27:20,h19_m1_l47,19,1,47,child,50.0,70.0,parent:70.0; child:50.0,11
2025-11-22 17:27:20,h19_m1_l47,19,1,47,child,50.0,70.0,parent:70.0; child:50.0,11
2025-11-22 17:27:20,h11_m0_l9,11,0,9,guest,0.0,0.0,parent:0.0; guest:0.0,12
2025-11-22 17:27:20,h11_m0_l9,11,0,9,guest,0.0,0.0,parent:0.0; guest:0.0,12
2025-11-22 17:27:20,h11_m0_l9,11,0,9,guest,0.0,0.0,parent:0.0; guest:0.0,12
2025-11-22 17:27:20,h16_m1_l51,16,1,51,child,50.0,70.0,parent:70.0; child:50.0,13
2025-11-22 17:27:20,h16_m1_l51,16,1,51,child,50.0,70.0,parent:70.0; child:50.0,13
2025-11-22 17:27:20,h16_m1_l51,16,1,51,child,50.0,70.0,parent:70.0; child:50.0,13
2025-11-22 17:27:20,h16_m1_l51,16,1,51,guest,60.0,70.0,parent:70.0; child:50.0; guest:60.0,14
2025-11-22 17:27:20,h16_m1_l51,16,1,51,guest,60.0,70.0,parent:70.0; child:50.0; guest:60.0,14
2025-11-22 17:27:20,h16_m1_l51,16,1,51,guest,60.0,70.0,parent:70.0; child:50.0; guest:60.0,14
2025-11-22 17:27:20,h16_m1_l24,16,1,24,child,50.0,70.0,parent:70.0; child:50.0,15
2025-11-22 17:27:20,h16_m1_l24,16,1,24,child,50.0,70.0,parent:70.0; child:50.0,15
2025-11-22 17:27:20,h16_m1_l24,16,1,24,child,50.0,70.0,parent:70.0; child:50.0,15
2025-11-22 17:27:20,h16_m1_l24,16,1,24,guest,60.0,70.0,parent:70.0; child:50.0; guest:60.0,16
2025-11-22 17:27:20,h16_m1_l24,16,1,24,guest,60.0,70.0,parent:70.0; child:50.0; guest:60.0,16
2025-11-22 17:27:20,h16_m1_l24,16,1,24,guest,60.0,70.0,parent:70.0; child:50.0; guest:60.0,16
2025-11-22 17:27:20,h15_m1_l38,15,1,38,child,50.0,70.0,parent:70.0; child:50.0,17
2025-11-22 17:27:20,h15_m1_l38,15,1,38,child,50.0,70.0,parent:70.0; child:50.0,17
2025-11-22 17:27:20,h15_m1_l38,15,1,38,child,50.0,70.0,parent:70.0; child:50.0,17
2025-11-22 17:27:20,h9_m0_l73,9,0,73,guest,0.0,0.0,parent:0.0; guest:0.0,18
2025-11-22 17:27:20,h9_m0_l73,9,0,73,guest,0.0,0.0,parent:0.0; guest:0.0,18
2025-11-22 17:27:20,h9_m0_l73,9,0,73,guest,0.0,0.0,parent:0.0; guest:0.0,18
2025-11-22 17:27:20,h8_m0_l5,8,0,5,child,0.0,0.0,parent:0.0; child:0.0,19
2025-11-22 17:27:20,h8_m0_l5,8,0,5,child,0.0,0.0,parent:0.0; child:0.0,19
2025-11-22 17:27:20,h8_m0_l5,8,0,5,child,0.0,0.0,parent:0.0; child:0.0,19
2025-11-22 17:27:20,h19_m1_l14,19,1,14,child,60.0,80.0,parent:80.0; child:60.0,20
2025-11-22 17:27:20,h19_m1_l14,19,1,14,child,60.0,80.0,parent:80.0; child:60.0,20
2025-11-22 17:27:20,h19_m1_l14,19,1,14,child,60.0,80.0,parent:80.0; child:60.0,20
2025-11-22 17:27:20,h10_m1_l87,10,1,87,child,30.0,40.0,parent:40.0; child:30.0,21
2025-11-22 17:27:20,h10_m1_l87,10,1,87,child,30.0,40.0,parent:40.0; child:30.0,21
2025-11-22 17:27:20,h10_m1_l87,10,1,87,child,30.0,40.0,parent:40.0; child:30.0,21
2025-11-22 17:27:20,h19_m0_l77,19,0,77,child,0.0,0.0,parent:0.0; child:0.0,22
2025-11-22 17:27:20,h19_m0_l77,19,0,77,child,0.0,0.0,parent:0.0; child:0.0,22
2025-11-22 17:27:20,h19_m0_l77,19,0,77,child,0.0,0.0,parent:0.0; child:0.0,22
2025-11-22 17:27:20,h11_m1_l62,11,1,62,child,30.0,40.0,parent:40.0; child:30.0,23
2025-11-22 17:27:20,h11_m1_l62,11,1,62,child,30.0,40.0,parent:40.0; child:30.0,23
2025-11-22 17:27:20,h11_m1_l62,11,1,62,child,30.0,40.0,parent:40.0; child:30.0,23
2025-11-22 17:27:20,h7_m0_l43,7,0,43,child,0.0,0.0,parent:0.0; child:0.0,24
2025-11-22 17:27:20,h7_m0_l43,7,0,43,child,0.0,0.0,parent:0.0; child:0.0,24
2025-11-22 17:27:20,h7_m0_l43,7,0,43,child,0.0,0.0,parent:0.0; child:0.0,24
2025-11-22 17:27:20,h19_m0_l39,19,0,39,child,0.0,0.0,parent:0.0; child:0.0,25
2025-11-22 17:27:20,h19_m0_l39,19,0,39,child,0.0,0.0,parent:0.0; child:0.0,25
2025-11-22 17:27:20,h19_m0_l39,19,0,39,child,0.0,0.0,parent:0.0; child:0.0,25
2025-11-22 17:27:20,h14_m0_l28,14,0,28,guest,0.0,0.0,parent:0.0; guest:0.0,26
2025-11-22 17:27:20,h14_m0_l28,14,0,28,guest,0.0,0.0,parent:0.0; guest:0.0,26
2025-11-22 17:27:20,h14_m0_l28,14,0,28,guest,0.0,0.0,parent:0.0; guest:0.0,26
2025-11-22 17:27:20,h8_m0_l53,8,0,53,child,0.0,0.0,parent:0.0; child:0.0,27
2025-11-22 17:27:20,h8_m0_l53,8,0,53,child,0.0,0.0,parent:0.0; child:0.0,27
2025-11-22 17:27:20,h8_m0_l53,8,0,53,child,0.0,0.0,parent:0.0; child:0.0,27
2025-11-22 17:27:20,h9_m1_l23,9,1,23,child,50.0,70.0,parent:70.0; child:50.0,28
2025-11-22 17:27:20,h9_m1_l23,9,1,23,child,50.0,70.0,parent:70.0; child:50.0,28
2025-11-22 17:27:20,h9_m1_l23,9,1,23,child,50.0,70.0,parent:70.0; child:50.0,28
2025-11-22 17:27:20,h14_m1_l60,14,1,60,child,30.0,40.0,parent:40.0; child:30.0,29
2025-11-22 17:27:20,h14_m1_l60,14,1,60,child,30.0,40.0,parent:40.0; child:30.0,29
2025-11-22 17:27:20,h14_m1_l60,14,1,60,child,30.0,40.0,parent:40.0; child:30.0,29
2025-11-22 17:27:20,h14_m1_l60,14,1,60,guest,35.0,40.0,parent:40.0; child:30.0; guest:35.0,30
2025-11-22 17:27:20,h14_m1_l60,14,1,60,guest,35.0,40.0,parent:40.0; child:30.0; guest:35.0,30
2025-11-22 17:27:20,h14_m1_l60,14,1,60,guest,35.0,40.0,parent:40.0; child:30.0; guest:35.0,30
2025-11-22 17:27:20,h19_m1_l87,19,1,87,child,30.0,40.0,parent:40.0; child:30.0,31
2025-11-22 17:27:20,h19_m1_l87,19,1,87,child,30.0,40.0,parent:40.0; child:30.0,31
2025-11-22 17:27:20,h19_m1_l87,19,1,87,child,30.0,40.0,parent:40.0; child:30.0,31
2025-11-22 17:27:20,h11_m1_l30,11,1,30,child,50.0,70.0,parent:70.0; child:50.0,32
2025-11-22 17:27:20,h11_m1_l30,11,1,30,child,50.0,70.0,parent:70.0; child:50.0,32
2025-11-22 17:27:20,h11_m1_l30,11,1,30,child,50.0,70.0,parent:70.0; child:50.0,32
2025-11-22 17:27:20,h9_m1_l92,9,1,92,child,30.0,40.0,parent:40.0; child:30.0,33
2025-11-22 17:27:20,h9_m1_l92,9,1,92,child,30.0,40.0,parent:40.0; child:30.0,33
2025-11-22 17:27:20,h9_m1_l92,9,1,92,child,30.0,40.0,parent:40.0; child:30.0,33
2025-11-22 17:27:20,h9_m1_l92,9,1,92,guest,35.0,40.0,parent:40.0; child:30.0; guest:35.0,34
2025-11-22 17:27:20,h9_m1_l92,9,1,92,guest,35.0,40.0,parent:40.0; child:30.0; guest:35.0,34
2025-11-22 17:27:20,h9_m1_l92,9,1,92,guest,35.0,40.0,parent:40.0; child:30.0; guest:35.0,34
2025-11-22 17:27:20,h15_m1_l46,15,1,46,guest,60.0,70.0,parent:70.0; guest:60.0,35
2025-11-22 17:27:20,h15_m1_l46,15,1,46,guest,60.0,70.0,parent:70.0; guest:60.0,35
2025-11-22 17:27:20,h15_m1_l46,15,1,46,guest,60.0,70.0,parent:70.0; guest:60.0,35
2025-11-22 17:27:20,h17_m1_l31,17,1,31,child,50.0,70.0,parent:70.0; child:50.0,36
2025-11-22 17:27:20,h17_m1_l31,17,1,31,child,50.0,70.0,parent:70.0; child:50.0,36
2025-11-22 17:27:20,h17_m1_l31,17,1,31,child,50.0,70.0,parent:70.0; child:50.0,36
2025-11-22 17:27:20,h7_m0_l4,7,0,4,child,0.0,0.0,parent:0.0; child:0.0,37
2025-11-22 17:27:20,h7_m0_l4,7,0,4,child,0.0,0.0,parent:0.0; child:0.0,37
2025-11-22 17:27:20,h7_m0_l4,7,0,4,child,0.0,0.0,parent:0.0; child:0.0,37
2025-11-22 17:27:20,h16_m1_l19,16,1,19,child,60.0,80.0,parent:80.0; child:60.0,38
2025-11-22 17:27:20,h16_m1_l19,16,1,19,child,60.0,80.0,parent:80.0; child:60.0,38
2025-11-22 17:27:20,h16_m1_l19,16,1,19,child,60.0,80.0,parent:80.0; child:60.0,38
2025-11-22 17:27:20,h16_m0_l94,16,0,94,child,0.0,0.0,parent:0.0; child:0.0,39
2025-11-22 17:27:20,h16_m0_l94,16,0,94,child,0.0,0.0,parent:0.0; child:0.0,39
2025-11-22 17:27:20,h16_m0_l94,16,0,94,child,0.0,0.0,parent:0.0; child:0.0,39
2025-11-22 17:27:20,h10_m0_l37,10,0,37,child,0.0,0.0,parent:0.0; child:0.0,40
2025-11-22 17:27:20,h10_m0_l37,10,0,37,child,0.0,0.0,parent:0.0; child:0.0,40
2025-11-22 17:27:20,h10_m0_l37,10,0,37,child,0.0,0.0,parent:0.0; child:0.0,40
2025-11-22 17:27:20,h19_m1_l72,19,1,72,child,30.0,40.0,parent:40.0; child:30.0,41
2025-11-22 17:27:20,h19_m1_l72,19,1,72,child,30.0,40.0,parent:40.0; child:30.0,41
2025-11-22 17:27:20,h19_m1_l72,19,1,72,child,30.0,40.0,parent:40.0; child:30.0,41
2025-11-22 17:27:20,h16_m1_l21,16,1,21,child,50.0,70.0,parent:70.0; child:50.0,42
2025-11-22 17:27:20,h16_m1_l21,16,1,21,child,50.0,70.0,parent:70.0; child:50.0,42
2025-11-22 17:27:20,h16_m1_l21,16,1,21,child,50.0,70.0,parent:70.0; child:50.0,42
2025-11-22 17:27:20,h17_m0_l46,17,0,46,child,0.0,0.0,parent:0.0; child:0.0,43
2025-11-22 17:27:20,h17_m0_l46,17,0,46,child,0.0,0.0,parent:0.0; child:0.0,43
2025-11-22 17:27:20,h17_m0_l46,17,0,46,child,0.0,0.0,parent:0.0; child:0.0,43
2025-11-22 17:27:20,h17_m0_l46,17,0,46,guest,0.0,0.0,parent:0.0; child:0.0; guest:0.0,44
2025-11-22 17:27:20,h17_m0_l46,17,0,46,guest,0.0,0.0,parent:0.0; child:0.0; guest:0.0,44
2025-11-22 17:27:20,h17_m0_l46,17,0,46,guest,0.0,0.0,parent:0.0; child:0.0; guest:0.0,44
2025-11-22 17:27:20,h18_m0_l61,18,0,61,child,0.0,0.0,parent:0.0; child:0.0,45
2025-11-22 17:27:20,h18_m0_l61,18,0,61,child,0.0,0.0,parent:0.0; child:0.0,45
2025-11-22 17:27:20,h18_m0_l61,18,0,61,child,0.0,0.0,parent:0.0; child:0.0,45
2025-11-22 17:27:20,h18_m0_l88,18,0,88,child,0.0,0.0,parent:0.0; child:0.0,46
2025-11-22 17:27:20,h18_m0_l88,18,0,88,child,0.0,0.0,parent:0.0; child:0.0,46
2025-11-22 17:27:20,h18_m0_l88,18,0,88,child,0.0,0.0,parent:0.0; child:0.0,46
2025-11-22 17:27:20,h20_m0_l25,20,0,25,child,0.0,0.0,parent:0.0; child:0.0,47
2025-11-22 17:27:20,h20_m0_l25,20,0,25,child,0.0,0.0,parent:0.0; child:0.0,47
2025-11-22 17:27:20,h20_m0_l25,20,0,25,child,0.0,0.0,parent:0.0; child:0.0,47
2025-11-22 17:27:20,h13_m0_l46,13,0,46,child,0.0,0.0,parent:0.0; child:0.0,48
2025-11-22 17:27:20,h13_m0_l46,13,0,46,child,0.0,0.0,parent:0.0; child:0.0,48
2025-11-22 17:27:20,h13_m0_l46,13,0,46,child,0.0,0.0,parent:0.0; child:0.0,48
2025-11-22 17:27:20,h17_m1_l47,17,1,47,guest,60.0,70.0,parent:70.0; guest:60.0,49
2025-11-22 17:27:20,h17_m1_l47,17,1,47,guest,60.0,70.0,parent:70.0; guest:60.0,49
2025-11-22 17:27:20,h17_m1_l47,17,1,47,guest,60.0,70.0,parent:70.0; guest:60.0,49
2025-11-22 17:27:20,h16_m1_l32,16,1,32,child,50.0,70.0,parent:70.0; child:50.0,50
2025-11-22 17:27:20,h16_m1_l32,16,1,32,child,50.0,70.0,parent:70.0; child:50.0,50
2025-11-22 17:27:20,h16_m1_l32,16,1,32,child,50.0,70.0,parent:70.0; child:50.0,50
2025-11-22 17:27:20,h15_m1_l49,15,1,49,child,50.0,70.0,parent:70.0; child:50.0,51
2025-11-22 17:27:20,h15_m1_l49,15,1,49,child,50.0,70.0,parent:70.0; child:50.0,51
2025-11-22 17:27:20,h15_m1_l49,15,1,49,child,50.0,70.0,parent:70.0; child:50.0,51
2025-11-22 17:27:20,h15_m1_l49,15,1,49,guest,60.0,70.0,parent:70.0; child:50.0; guest:60.0,52
2025-11-22 17:27:20,h15_m1_l49,15,1,49,guest,60.0,70.0,parent:70.0; child:50.0; guest:60.0,52
2025-11-22 17:27:20,h15_m1_l49,15,1,49,guest,60.0,70.0,parent:70.0; child:50.0; guest:60.0,52
2025-11-22 17:27:20,h15_m1_l94,15,1,94,child,30.0,40.0,parent:40.0; child:30.0,53
2025-11-22 17:27:20,h15_m1_l94,15,1,94,child,30.0,40.0,parent:40.0; child:30.0,53
2025-11-22 17:27:20,h15_m1_l94,15,1,94,child,30.0,40.0,parent:40.0; child:30.0,53
2025-11-22 17:27:20,h15_m1_l94,15,1,94,guest,35.0,40.0,parent:40.0; child:30.0; guest:35.0,54
2025-11-22 17:27:20,h15_m1_l94,15,1,94,guest,35.0,40.0,parent:40.0; child:30.0; guest:35.0,54
2025-11-22 17:27:20,h15_m1_l94,15,1,94,guest,35.0,40.0,parent:40.0; child:30.0; guest:35.0,54
2025-11-22 17:27:20,h15_m0_l99,15,0,99,child,0.0,0.0,parent:0.0; child:0.0,55
2025-11-22 17:27:20,h15_m0_l99,15,0,99,child,0.0,0.0,parent:0.0; child:0.0,55
2025-11-22 17:27:20,h15_m0_l99,15,0,99,child,0.0,0.0,parent:0.0; child:0.0,55
2025-11-22 17:27:20,h15_m0_l99,15,0,99,guest,0.0,0.0,parent:0.0; child:0.0; guest:0.0,56
2025-11-22 17:27:20,h15_m0_l99,15,0,99,guest,0.0,0.0,parent:0.0; child:0.0; guest:0.0,56
2025-11-22 17:27:20,h15_m0_l99,15,0,99,guest,0.0,0.0,parent:0.0; child:0.0; guest:0.0,56
2025-11-22 17:27:20,h18_m1_l11,18,1,11,child,60.0,80.0,parent:80.0; child:60.0,57
2025-11-22 17:27:20,h18_m1_l11,18,1,11,child,60.0,80.0,parent:80.0; child:60.0,57
2025-11-22 17:27:20,h18_m1_l11,18,1,11,child,60.0,80.0,parent:80.0; child:60.0,57
2025-11-22 17:27:21,h10_m1_l44,10,1,44,child,50.0,70.0,parent:70.0; child:50.0,58
2025-11-22 17:27:21,h10_m1_l44,10,1,44,child,50.0,70.0,parent:70.0; child:50.0,58
2025-11-22 17:27:21,h10_m1_l44,10,1,44,child,50.0,70.0,parent:70.0; child:50.0,58
2025-11-22 17:27:21,h15_m0_l84,15,0,84,child,0.0,0.0,parent:0.0; child:0.0,59
2025-11-22 17:27:21,h15_m0_l84,15,0,84,child,0.0,0.0,parent:0.0; child:0.0,59
2025-11-22 17:27:21,h15_m0_l84,15,0,84,child,0.0,0.0,parent:0.0; child:0.0,59
2025-11-22 17:27:21,h17_m0_l55,17,0,55,child,0.0,0.0,parent:0.0; child:0.0,60
2025-11-22 17:27:21,h17_m0_l55,17,0,55,child,0.0,0.0,parent:0.0; child:0.0,60
2025-11-22 17:27:21,h17_m0_l55,17,0,55,child,0.0,0.0,parent:0.0; child:0.0,60
2025-11-22 17:27:21,h16_m0_l18,16,0,18,child,0.0,0.0,parent:0.0; child:0.0,61
2025-11-22 17:27:21,h16_m0_l18,16,0,18,child,0.0,0.0,parent:0.0; child:0.0,61
2025-11-22 17:27:21,h16_m0_l18,16,0,18,child,0.0,0.0,parent:0.0; child:0.0,61
2025-11-22 17:27:21,h19_m1_l84,19,1,84,child,30.0,40.0,parent:40.0; child:30.0,62
2025-11-22 17:27:21,h19_m1_l84,19,1,84,child,30.0,40.0,parent:40.0; child:30.0,62
2025-11-22 17:27:21,h19_m1_l84,19,1,84,child,30.0,40.0,parent:40.0; child:30.0,62
2025-11-22 17:27:21,h19_m1_l100,19,1,100,child,30.0,40.0,parent:40.0; child:30.0,63
2025-11-22 17:27:21,h19_m1_l100,19,1,100,child,30.0,40.0,parent:40.0; child:30.0,63
2025-11-22 17:27:21,h19_m1_l100,19,1,100,child,30.0,40.0,parent:40.0; child:30.0,63
2025-11-22 17:27:21,h14_m1_l35,14,1,35,child,50.0,70.0,parent:70.0; child:50.0,64
2025-11-22 17:27:21,h14_m1_l35,14,1,35,child,50.0,70.0,parent:70.0; child:50.0,64
2025-11-22 17:27:21,h14_m1_l35,14,1,35,child,50.0,70.0,parent:70.0; child:50.0,64
2025-11-22 17:27:21,h9_m1_l33,9,1,33,child,50.0,70.0,parent:70.0; child:50.0,65
2025-11-22 17:27:21,h9_m1_l33,9,1,33,child,50.0,70.0,parent:70.0; child:50.0,65
2025-11-22 17:27:21,h9_m1_l33,9,1,33,child,50.0,70.0,parent:70.0; child:50.0,65
2025-11-22 17:27:21,h14_m0_l18,14,0,18,child,0.0,0.0,parent:0.0; child:0.0,66
2025-11-22 17:27:21,h14_m0_l18,14,0,18,child,0.0,0.0,parent:0.0; child:0.0,66
2025-11-22 17:27:21,h14_m0_l18,14,0,18,child,0.0,0.0,parent:0.0; child:0.0,66
2025-11-22 17:27:21,h20_m1_l45,20,1,45,child,50.0,70.0,parent:70.0; child:50.0,67
2025-11-22 17:27:21,h20_m1_l45,20,1,45,child,50.0,70.0,parent:70.0; child:50.0,67
2025-11-22 17:27:21,h20_m1_l45,20,1,45,child,50.0,70.0,parent:70.0; child:50.0,67
2025-11-22 17:27:21,h16_m1_l83,16,1,83,child,30.0,40.0,parent:40.0; child:30.0,68
2025-11-22 17:27:21,h16_m1_l83,16,1,83,child,30.0,40.0,parent:40.0; child:30.0,68
2025-11-22 17:27:21,h16_m1_l83,16,1,83,child,30.0,40.0,parent:40.0; child:30.0,68
2025-11-22 17:27:21,h7_m1_l66,7,1,66,child,30.0,40.0,parent:40.0; child:30.0,69
2025-11-22 17:27:21,h7_m1_l66,7,1,66,child,30.0,40.0,parent:40.0; child:30.0,69
2025-11-22 17:27:21,h7_m1_l66,7,1,66,child,30.0,40.0,parent:40.0; child:30.0,69
2025-11-22 17:27:21,h20_m1_l67,20,1,67,child,30.0,40.0,parent:40.0; child:30.0,70
2025-11-22 17:27:21,h20_m1_l67,20,1,67,child,30.0,40.0,parent:40.0; child:30.0,70
2025-11-22 17:27:21,h20_m1_l67,20,1,67,child,30.0,40.0,parent:40.0; child:30.0,70
2025-11-22 17:27:21,h20_m0_l15,20,0,15,child,0.0,0.0,parent:0.0; child:0.0,71
2025-11-22 17:27:21,h20_m0_l15,20,0,15,child,0.0,0.0,parent:0.0; child:0.0,71
2025-11-22 17:27:21,h20_m0_l15,20,0,15,child,0.0,0.0,parent:0.0; child:0.0,71
2025-11-22 17:27:21,h20_m0_l26,20,0,26,child,0.0,0.0,parent:0.0; child:0.0,72
2025-11-22 17:27:21,h20_m0_l26,20,0,26,child,0.0,0.0,parent:0.0; child:0.0,72
2025-11-22 17:27:21,h20_m0_l26,20,0,26,child,0.0,0.0,parent:0.0; child:0.0,72
2025-11-22 17:37:03,h11_m1_l73,11,1,73,child,30.0,40.0,child:30.0; parent:40.0,1
2025-11-22 17:37:03,h11_m1_l73,11,1,73,child,30.0,40.0,child:30.0; parent:40.0,1
2025-11-22 17:37:03,h11_m1_l73,11,1,73,child,30.0,40.0,child:30.0; parent:40.0,1
2025-11-22 17:37:03,h20_m0_l53,20,0,53,child,0.0,0.0,child:0.0; parent:0.0,2
2025-11-22 17:37:03,h20_m0_l53,20,0,53,child,0.0,0.0,child:0.0; parent:0.0,2
2025-11-22 17:37:03,h20_m0_l53,20,0,53,child,0.0,0.0,child:0.0; parent:0.0,2
2025-11-22 17:37:03,h14_m0_l89,14,0,89,child,0.0,0.0,child:0.0; parent:0.0,3
2025-11-22 17:37:03,h14_m0_l89,14,0,89,child,0.0,0.0,child:0.0; parent:0.0,3
2025-11-22 17:37:03,h14_m0_l89,14,0,89,child,0.0,0.0,child:0.0; parent:0.0,3
2025-11-22 17:37:03,h16_m1_l32,16,1,32,child,50.0,70.0,child:50.0; parent:70.0,4
2025-11-22 17:37:03,h16_m1_l32,16,1,32,child,50.0,70.0,child:50.0; parent:70.0,4
2025-11-22 17:37:03,h16_m1_l32,16,1,32,child,50.0,70.0,child:50.0; parent:70.0,4
2025-11-22 17:37:03,h10_m1_l48,10,1,48,child,50.0,70.0,child:50.0; parent:70.0,5
2025-11-22 17:37:03,h10_m1_l48,10,1,48,child,50.0,70.0,child:50.0; parent:70.0,5
2025-11-22 17:37:03,h10_m1_l48,10,1,48,child,50.0,70.0,child:50.0; parent:70.0,5
2025-11-22 17:37:03,h20_m0_l21,20,0,21,child,0.0,0.0,child:0.0; parent:0.0,6
2025-11-22 17:37:03,h20_m0_l21,20,0,21,child,0.0,0.0,child:0.0; parent:0.0,6
2025-11-22 17:37:03,h20_m0_l21,20,0,21,child,0.0,0.0,child:0.0; parent:0.0,6
2025-11-22 17:37:03,h8_m1_l72,8,1,72,child,30.0,40.0,child:30.0; parent:40.0,7
2025-11-22 17:37:03,h8_m1_l72,8,1,72,child,30.0,40.0,child:30.0; parent:40.0,7
2025-11-22 17:37:03,h8_m1_l72,8,1,72,child,30.0,40.0,child:30.0; parent:40.0,7
2025-11-22 17:37:03,h9_m0_l89,9,0,89,guest,0.0,0.0,guest:0.0; parent:0.0,8
2025-11-22 17:37:03,h9_m0_l89,9,0,89,guest,0.0,0.0,guest:0.0; parent:0.0,8
2025-11-22 17:37:03,h9_m0_l89,9,0,89,guest,0.0,0.0,guest:0.0; parent:0.0,8
2025-11-22 17:37:03,h14_m1_l52,14,1,52,child,50.0,70.0,child:50.0; parent:70.0,9
2025-11-22 17:37:03,h14_m1_l52,14,1,52,child,50.0,70.0,child:50.0; parent:70.0,9
2025-11-22 17:37:03,h14_m1_l52,14,1,52,child,50.0,70.0,child:50.0; parent:70.0,9
2025-11-22 17:37:03,h14_m1_l52,14,1,52,guest,60.0,70.0,guest:60.0; child:50.0; parent:70.0,10
2025-11-22 17:37:03,h14_m1_l52,14,1,52,guest,60.0,70.0,guest:60.0; child:50.0; parent:70.0,10
2025-11-22 17:37:03,h14_m1_l52,14,1,52,guest,60.0,70.0,guest:60.0; child:50.0; parent:70.0,10
2025-11-22 17:37:03,h17_m0_l10,17,0,10,child,0.0,0.0,child:0.0; parent:0.0,11
2025-11-22 17:37:03,h17_m0_l10,17,0,10,child,0.0,0.0,child:0.0; parent:0.0,11
2025-11-22 17:37:03,h17_m0_l10,17,0,10,child,0.0,0.0,child:0.0; parent:0.0,11
2025-11-22 17:37:03,h7_m1_l75,7,1,75,child,30.0,40.0,child:30.0; parent:40.0,12
2025-11-22 17:37:03,h7_m1_l75,7,1,75,child,30.0,40.0,child:30.0; parent:40.0,12
2025-11-22 17:37:03,h7_m1_l75,7,1,75,child,30.0,40.0,child:30.0; parent:40.0,12
2025-11-22 17:37:03,h14_m0_l17,14,0,17,child,0.0,0.0,child:0.0; parent:0.0,13
2025-11-22 17:37:03,h14_m0_l17,14,0,17,child,0.0,0.0,child:0.0; parent:0.0,13
2025-11-22 17:37:03,h14_m0_l17,14,0,17,child,0.0,0.0,child:0.0; parent:0.0,13
2025-11-22 17:37:03,h9_m0_l26,9,0,26,child,0.0,0.0,child:0.0; parent:0.0,14
2025-11-22 17:37:03,h9_m0_l26,9,0,26,child,0.0,0.0,child:0.0; parent:0.0,14
2025-11-22 17:37:03,h9_m0_l26,9,0,26,child,0.0,0.0,child:0.0; parent:0.0,14
2025-11-22 17:37:03,h14_m1_l77,14,1,77,child,30.0,40.0,child:30.0; parent:40.0,15
2025-11-22 17:37:03,h14_m1_l77,14,1,77,child,30.0,40.0,child:30.0; parent:40.0,15
2025-11-22 17:37:03,h14_m1_l77,14,1,77,child,30.0,40.0,child:30.0; parent:40.0,15
2025-11-22 17:37:03,h14_m1_l77,14,1,77,guest,35.0,40.0,guest:35.0; child:30.0; parent:40.0,16
2025-11-22 17:37:03,h14_m1_l77,14,1,77,guest,35.0,40.0,guest:35.0; child:30.0; parent:40.0,16
2025-11-22 17:37:03,h14_m1_l77,14,1,77,guest,35.0,40.0,guest:35.0; child:30.0; parent:40.0,16
2025-11-22 17:37:03,h7_m1_l66,7,1,66,child,30.0,40.0,child:30.0; parent:40.0,17
2025-11-22 17:37:04,h7_m1_l66,7,1,66,child,30.0,40.0,child:30.0; parent:40.0,17
2025-11-22 17:37:04,h7_m1_l66,7,1,66,child,30.0,40.0,child:30.0; parent:40.0,17
2025-11-22 17:37:04,h7_m0_l37,7,0,37,child,0.0,0.0,child:0.0; parent:0.0,18
2025-11-22 17:37:04,h7_m0_l37,7,0,37,child,0.0,0.0,child:0.0; parent:0.0,18
2025-11-22 17:37:04,h7_m0_l37,7,0,37,child,0.0,0.0,child:0.0; parent:0.0,18
2025-11-22 17:37:04,h10_m0_l10,10,0,10,child,0.0,0.0,child:0.0; parent:0.0,19
2025-11-22 17:37:04,h10_m0_l10,10,0,10,child,0.0,0.0,child:0.0; parent:0.0,19
2025-11-22 17:37:04,h10_m0_l10,10,0,10,child,0.0,0.0,child:0.0; parent:0.0,19
2025-11-22 17:37:04,h8_m1_l36,8,1,36,child,50.0,70.0,child:50.0; parent:70.0,20
2025-11-22 17:37:04,h8_m1_l36,8,1,36,child,50.0,70.0,child:50.0; parent:70.0,20
2025-11-22 17:37:04,h8_m1_l36,8,1,36,child,50.0,70.0,child:50.0; parent:70.0,20
2025-11-22 17:37:04,h7_m0_l81,7,0,81,child,0.0,0.0,child:0.0; parent:0.0,21
2025-11-22 17:37:04,h7_m0_l81,7,0,81,child,0.0,0.0,child:0.0; parent:0.0,21
2025-11-22 17:37:04,h7_m0_l81,7,0,81,child,0.0,0.0,child:0.0; parent:0.0,21
2025-11-22 17:37:04,h10_m1_l87,10,1,87,child,30.0,40.0,child:30.0; parent:40.0,22
2025-11-22 17:37:04,h10_m1_l87,10,1,87,child,30.0,40.0,child:30.0; parent:40.0,22
2025-11-22 17:37:04,h10_m1_l87,10,1,87,child,30.0,40.0,child:30.0; parent:40.0,22
2025-11-22 17:37:04,h20_m1_l39,20,1,39,child,50.0,70.0,child:50.0; parent:70.0,23
2025-11-22 17:37:04,h20_m1_l39,20,1,39,child,50.0,70.0,child:50.0; parent:70.0,23
2025-11-22 17:37:04,h20_m1_l39,20,1,39,child,50.0,70.0,child:50.0; parent:70.0,23
2025-11-22 17:37:04,h20_m1_l48,20,1,48,child,50.0,70.0,child:50.0; parent:70.0,24
2025-11-22 17:37:04,h20_m1_l48,20,1,48,child,50.0,70.0,child:50.0; parent:70.0,24
2025-11-22 17:37:04,h20_m1_l48,20,1,48,child,50.0,70.0,child:50.0; parent:70.0,24
2025-11-22 17:37:04,h13_m1_l49,13,1,49,child,50.0,70.0,child:50.0; parent:70.0,25
2025-11-22 17:37:04,h13_m1_l49,13,1,49,child,50.0,70.0,child:50.0; parent:70.0,25
2025-11-22 17:37:04,h13_m1_l49,13,1,49,child,50.0,70.0,child:50.0; parent:70.0,25
2025-11-22 17:37:04,h12_m1_l90,12,1,90,child,30.0,40.0,child:30.0; parent:40.0,26
2025-11-22 17:37:04,h12_m1_l90,12,1,90,child,30.0,40.0,child:30.0; parent:40.0,26
2025-11-22 17:37:04,h12_m1_l90,12,1,90,child,30.0,40.0,child:30.0; parent:40.0,26
2025-11-22 17:37:04,h12_m1_l90,12,1,90,guest,35.0,40.0,guest:35.0; child:30.0; parent:40.0,27
2025-11-22 17:37:04,h12_m1_l90,12,1,90,guest,35.0,40.0,guest:35.0; child:30.0; parent:40.0,27
2025-11-22 17:37:04,h12_m1_l90,12,1,90,guest,35.0,40.0,guest:35.0; child:30.0; parent:40.0,27
2025-11-22 17:37:04,h13_m1_l0,13,1,0,child,60.0,80.0,child:60.0; parent:80.0,28
2025-11-22 17:37:04,h13_m1_l0,13,1,0,child,60.0,80.0,child:60.0; parent:80.0,28
2025-11-22 17:37:04,h13_m1_l0,13,1,0,child,60.0,80.0,child:60.0; parent:80.0,28
2025-11-22 17:37:04,h20_m0_l52,20,0,52,child,0.0,0.0,child:0.0; parent:0.0,29
2025-11-22 17:37:04,h20_m0_l52,20,0,52,child,0.0,0.0,child:0.0; parent:0.0,29
2025-11-22 17:37:04,h20_m0_l52,20,0,52,child,0.0,0.0,child:0.0; parent:0.0,29
2025-11-22 17:37:04,h18_m0_l83,18,0,83,child,0.0,0.0,child:0.0; parent:0.0,30
2025-11-22 17:37:04,h18_m0_l83,18,0,83,child,0.0,0.0,child:0.0; parent:0.0,30
2025-11-22 17:37:04,h18_m0_l83,18,0,83,child,0.0,0.0,child:0.0; parent:0.0,30
2025-11-22 17:37:04,h8_m0_l55,8,0,55,child,0.0,0.0,child:0.0; parent:0.0,31
2025-11-22 17:37:04,h8_m0_l55,8,0,55,child,0.0,0.0,child:0.0; parent:0.0,31
2025-11-22 17:37:04,h8_m0_l55,8,0,55,child,0.0,0.0,child:0.0; parent:0.0,31
2025-11-22 17:37:04,h8_m1_l77,8,1,77,child,30.0,40.0,child:30.0; parent:40.0,32
2025-11-22 17:37:04,h8_m1_l77,8,1,77,child,30.0,40.0,child:30.0; parent:40.0,32
2025-11-22 17:37:04,h8_m1_l77,8,1,77,child,30.0,40.0,child:30.0; parent:40.0,32
2025-11-22 17:37:04,h19_m1_l84,19,1,84,child,30.0,40.0,child:30.0; parent:40.0,33
2025-11-22 17:37:04,h19_m1_l84,19,1,84,child,30.0,40.0,child:30.0; parent:40.0,33
2025-11-22 17:37:04,h19_m1_l84,19,1,84,child,30.0,40.0,child:30.0; parent:40.0,33
2025-11-22 17:37:04,h10_m0_l34,10,0,34,child,0.0,0.0,child:0.0; parent:0.0,34
2025-11-22 17:37:04,h10_m0_l34,10,0,34,child,0.0,0.0,child:0.0; parent:0.0,34
2025-11-22 17:37:04,h10_m0_l34,10,0,34,child,0.0,0.0,child:0.0; parent:0.0,34
2025-11-22 17:37:04,h9_m1_l2,9,1,2,guest,70.0,80.0,guest:70.0; parent:80.0,35
2025-11-22 17:37:04,h9_m1_l2,9,1,2,guest,70.0,80.0,guest:70.0; parent:80.0,35
2025-11-22 17:37:04,h9_m1_l2,9,1,2,guest,70.0,80.0,guest:70.0; parent:80.0,35
2025-11-22 17:37:04,h19_m0_l81,19,0,81,child,0.0,0.0,child:0.0; parent:0.0,36
2025-11-22 17:37:04,h19_m0_l81,19,0,81,child,0.0,0.0,child:0.0; parent:0.0,36
2025-11-22 17:37:04,h19_m0_l81,19,0,81,child,0.0,0.0,child:0.0; parent:0.0,36
2025-11-22 17:37:04,h16_m1_l85,16,1,85,child,30.0,40.0,child:30.0; parent:40.0,37
2025-11-22 17:37:04,h16_m1_l85,16,1,85,child,30.0,40.0,child:30.0; parent:40.0,37
2025-11-22 17:37:04,h16_m1_l85,16,1,85,child,30.0,40.0,child:30.0; parent:40.0,37
2025-11-22 17:37:04,h19_m0_l54,19,0,54,child,0.0,0.0,child:0.0; parent:0.0,38
2025-11-22 17:37:04,h19_m0_l54,19,0,54,child,0.0,0.0,child:0.0; parent:0.0,38
2025-11-22 17:37:04,h19_m0_l54,19,0,54,child,0.0,0.0,child:0.0; parent:0.0,38
2025-11-22 17:37:04,h17_m1_l38,17,1,38,guest,60.0,70.0,guest:60.0; parent:70.0,39
2025-11-22 17:37:04,h17_m1_l38,17,1,38,guest,60.0,70.0,guest:60.0; parent:70.0,39
2025-11-22 17:37:04,h17_m1_l38,17,1,38,guest,60.0,70.0,guest:60.0; parent:70.0,39
2025-11-22 17:37:04,h14_m1_l12,14,1,12,child,60.0,80.0,child:60.0; parent:80.0,40
2025-11-22 17:37:04,h14_m1_l12,14,1,12,child,60.0,80.0,child:60.0; parent:80.0,40
2025-11-22 17:37:04,h14_m1_l12,14,1,12,child,60.0,80.0,child:60.0; parent:80.0,40
2025-11-22 17:37:04,h8_m1_l77,8,1,77,parent,40.0,30.0,child:30.0; parent:40.0,41
2025-11-22 17:37:04,h8_m1_l77,8,1,77,parent,40.0,30.0,child:30.0; parent:40.0,41
2025-11-22 17:37:04,h8_m1_l77,8,1,77,parent,40.0,30.0,child:30.0; parent:40.0,41
2025-11-22 17:37:04,h10_m0_l3,10,0,3,child,0.0,0.0,child:0.0; parent:0.0,42
2025-11-22 17:37:04,h10_m0_l3,10,0,3,child,0.0,0.0,child:0.0; parent:0.0,42
2025-11-22 17:37:04,h10_m0_l3,10,0,3,child,0.0,0.0,child:0.0; parent:0.0,42
2025-11-22 17:37:04,h18_m0_l73,18,0,73,child,0.0,0.0,child:0.0; parent:0.0,43
2025-11-22 17:37:04,h18_m0_l73,18,0,73,child,0.0,0.0,child:0.0; parent:0.0,43
2025-11-22 17:37:04,h18_m0_l73,18,0,73,child,0.0,0.0,child:0.0; parent:0.0,43
2025-11-22 17:37:04,h11_m0_l100,11,0,100,child,0.0,0.0,child:0.0; parent:0.0,44
2025-11-22 17:37:04,h11_m0_l100,11,0,100,child,0.0,0.0,child:0.0; parent:0.0,44
2025-11-22 17:37:04,h11_m0_l100,11,0,100,child,0.0,0.0,child:0.0; parent:0.0,44
2025-11-22 17:37:04,h11_m1_l74,11,1,74,child,30.0,40.0,child:30.0; parent:40.0,45
2025-11-22 17:37:04,h11_m1_l74,11,1,74,child,30.0,40.0,child:30.0; parent:40.0,45
2025-11-22 17:37:04,h11_m1_l74,11,1,74,child,30.0,40.0,child:30.0; parent:40.0,45
2025-11-22 17:37:04,h11_m1_l74,11,1,74,guest,35.0,40.0,guest:35.0; child:30.0; parent:40.0,46
2025-11-22 17:37:04,h11_m1_l74,11,1,74,guest,35.0,40.0,guest:35.0; child:30.0; parent:40.0,46
2025-11-22 17:37:04,h11_m1_l74,11,1,74,guest,35.0,40.0,guest:35.0; child:30.0; parent:40.0,46
2025-11-22 17:37:04,h12_m0_l33,12,0,33,child,0.0,0.0,child:0.0; parent:0.0,47
2025-11-22 17:37:04,h12_m0_l33,12,0,33,child,0.0,0.0,child:0.0; parent:0.0,47
2025-11-22 17:37:04,h12_m0_l33,12,0,33,child,0.0,0.0,child:0.0; parent:0.0,47
2025-11-22 17:37:04,h20_m0_l76,20,0,76,child,0.0,0.0,child:0.0; parent:0.0,48
2025-11-22 17:37:04,h20_m0_l76,20,0,76,child,0.0,0.0,child:0.0; parent:0.0,48
2025-11-22 17:37:04,h20_m0_l76,20,0,76,child,0.0,0.0,child:0.0; parent:0.0,48
2025-11-22 17:37:04,h19_m1_l52,19,1,52,child,50.0,70.0,child:50.0; parent:70.0,49
2025-11-22 17:37:04,h19_m1_l52,19,1,52,child,50.0,70.0,child:50.0; parent:70.0,49
2025-11-22 17:37:04,h19_m1_l52,19,1,52,child,50.0,70.0,child:50.0; parent:70.0,49
2025-11-22 17:37:04,h10_m0_l65,10,0,65,child,0.0,0.0,child:0.0; parent:0.0,50
2025-11-22 17:37:04,h10_m0_l65,10,0,65,child,0.0,0.0,child:0.0; parent:0.0,50
2025-11-22 17:37:04,h10_m0_l65,10,0,65,child,0.0,0.0,child:0.0; parent:0.0,50
2025-11-22 17:37:04,h19_m1_l89,19,1,89,child,30.0,40.0,child:30.0; parent:40.0,51
2025-11-22 17:37:04,h19_m1_l89,19,1,89,child,30.0,40.0,child:30.0; parent:40.0,51
2025-11-22 17:37:04,h19_m1_l89,19,1,89,child,30.0,40.0,child:30.0; parent:40.0,51
2025-11-22 17:37:04,h7_m0_l18,7,0,18,child,0.0,0.0,child:0.0; parent:0.0,52
2025-11-22 17:37:04,h7_m0_l18,7,0,18,child,0.0,0.0,child:0.0; parent:0.0,52
2025-11-22 17:37:04,h7_m0_l18,7,0,18,child,0.0,0.0,child:0.0; parent:0.0,52
2025-11-22 17:37:04,h9_m0_l89,9,0,89,parent,0.0,0.0,guest:0.0; parent:0.0,53
2025-11-22 17:37:04,h9_m0_l89,9,0,89,parent,0.0,0.0,guest:0.0; parent:0.0,53
2025-11-22 17:37:04,h9_m0_l89,9,0,89,parent,0.0,0.0,guest:0.0; parent:0.0,53
2025-11-22 17:37:04,h9_m0_l89,9,0,89,child,0.0,0.0,guest:0.0; child:0.0; parent:0.0,54
2025-11-22 17:37:04,h9_m0_l89,9,0,89,child,0.0,0.0,guest:0.0; child:0.0; parent:0.0,54
2025-11-22 17:37:04,h9_m0_l89,9,0,89,child,0.0,0.0,guest:0.0; child:0.0; parent:0.0,54
2025-11-22 17:37:04,h8_m1_l70,8,1,70,child,30.0,40.0,child:30.0; parent:40.0,55
2025-11-22 17:37:04,h8_m1_l70,8,1,70,child,30.0,40.0,child:30.0; parent:40.0,55
2025-11-22 17:37:04,h8_m1_l70,8,1,70,child,30.0,40.0,child:30.0; parent:40.0,55
2025-11-22 17:37:04,h15_m0_l90,15,0,90,child,0.0,0.0,child:0.0; parent:0.0,56
2025-11-22 17:37:04,h15_m0_l90,15,0,90,child,0.0,0.0,child:0.0; parent:0.0,56
2025-11-22 17:37:04,h15_m0_l90,15,0,90,child,0.0,0.0,child:0.0; parent:0.0,56
2025-11-22 17:37:04,h10_m1_l24,10,1,24,guest,60.0,70.0,guest:60.0; parent:70.0,57
2025-11-22 17:37:04,h10_m1_l24,10,1,24,guest,60.0,70.0,guest:60.0; parent:70.0,57
2025-11-22 17:37:04,h10_m1_l24,10,1,24,guest,60.0,70.0,guest:60.0; parent:70.0,57
2025-11-22 17:37:04,h20_m1_l17,20,1,17,child,60.0,80.0,child:60.0; parent:80.0,58
2025-11-22 17:37:04,h20_m1_l17,20,1,17,child,60.0,80.0,child:60.0; parent:80.0,58
2025-11-22 17:37:04,h20_m1_l17,20,1,17,child,60.0,80.0,child:60.0; parent:80.0,58
2025-11-22 17:37:04,h17_m1_l81,17,1,81,child,30.0,40.0,child:30.0; parent:40.0,59
2025-11-22 17:37:04,h17_m1_l81,17,1,81,child,30.0,40.0,child:30.0; parent:40.0,59
2025-11-22 17:37:04,h17_m1_l81,17,1,81,child,30.0,40.0,child:30.0; parent:40.0,59
2025-11-22 17:37:04,h12_m0_l38,12,0,38,child,0.0,0.0,child:0.0; parent:0.0,60
2025-11-22 17:37:04,h12_m0_l38,12,0,38,child,0.0,0.0,child:0.0; parent:0.0,60
2025-11-22 17:37:04,h12_m0_l38,12,0,38,child,0.0,0.0,child:0.0; parent:0.0,60
2025-11-22 17:37:04,h12_m0_l38,12,0,38,guest,0.0,0.0,guest:0.0; child:0.0; parent:0.0,61
2025-11-22 17:37:04,h12_m0_l38,12,0,38,guest,0.0,0.0,guest:0.0; child:0.0; parent:0.0,61
2025-11-22 17:37:04,h12_m0_l38,12,0,38,guest,0.0,0.0,guest:0.0; child:0.0; parent:0.0,61
2025-11-22 17:37:04,h7_m1_l63,7,1,63,child,30.0,40.0,child:30.0; parent:40.0,62
2025-11-22 17:37:04,h7_m1_l63,7,1,63,child,30.0,40.0,child:30.0; parent:40.0,62
2025-11-22 17:37:04,h7_m1_l63,7,1,63,child,30.0,40.0,child:30.0; parent:40.0,62
2025-11-22 17:37:04,h7_m1_l0,7,1,0,child,60.0,80.0,child:60.0; parent:80.0,63
2025-11-22 17:37:04,h7_m1_l0,7,1,0,child,60.0,80.0,child:60.0; parent:80.0,63
2025-11-22 17:37:04,h7_m1_l0,7,1,0,child,60.0,80.0,child:60.0; parent:80.0,63
2025-11-22 17:37:04,h17_m0_l13,17,0,13,child,0.0,0.0,child:0.0; parent:0.0,64
2025-11-22 17:37:04,h17_m0_l13,17,0,13,child,0.0,0.0,child:0.0; parent:0.0,64
2025-11-22 17:37:04,h17_m0_l13,17,0,13,child,0.0,0.0,child:0.0; parent:0.0,64
2025-11-22 17:37:04,h12_m0_l16,12,0,16,child,0.0,0.0,child:0.0; parent:0.0,65
2025-11-22 17:37:04,h12_m0_l16,12,0,16,child,0.0,0.0,child:0.0; parent:0.0,65
2025-11-22 17:37:04,h12_m0_l16,12,0,16,child,0.0,0.0,child:0.0; parent:0.0,65
2025-11-22 17:37:04,h12_m1_l77,12,1,77,child,30.0,40.0,child:30.0; parent:40.0,66
2025-11-22 17:37:04,h12_m1_l77,12,1,77,child,30.0,40.0,child:30.0; parent:40.0,66
2025-11-22 17:37:04,h12_m1_l77,12,1,77,child,30.0,40.0,child:30.0; parent:40.0,66
2025-11-22 17:37:04,h11_m0_l100,11,0,100,parent,0.0,0.0,child:0.0; parent:0.0,67
2025-11-22 17:37:04,h11_m0_l100,11,0,100,parent,0.0,0.0,child:0.0; parent:0.0,67
2025-11-22 17:37:04,h11_m0_l100,11,0,100,parent,0.0,0.0,child:0.0; parent:0.0,67
2025-11-22 17:37:04,h11_m0_l100,11,0,100,child,0.0,0.0,child:0.0; parent:0.0,68
2025-11-22 17:37:04,h11_m0_l100,11,0,100,child,0.0,0.0,child:0.0; parent:0.0,68
2025-11-22 17:37:04,h11_m0_l100,11,0,100,child,0.0,0.0,child:0.0; parent:0.0,68
2025-11-22 17:37:04,h10_m1_l89,10,1,89,child,30.0,40.0,child:30.0; parent:40.0,69
2025-11-22 17:37:04,h10_m1_l89,10,1,89,child,30.0,40.0,child:30.0; parent:40.0,69
2025-11-22 17:37:04,h10_m1_l89,10,1,89,child,30.0,40.0,child:30.0; parent:40.0,69
2025-11-22 17:37:04,h8_m1_l52,8,1,52,child,50.0,70.0,child:50.0; parent:70.0,70
2025-11-22 17:37:04,h8_m1_l52,8,1,52,child,50.0,70.0,child:50.0; parent:70.0,70
2025-11-22 17:37:04,h8_m1_l52,8,1,52,child,50.0,70.0,child:50.0; parent:70.0,70
2025-11-22 17:37:04,h12_m0_l2,12,0,2,child,0.0,0.0,child:0.0; parent:0.0,71
2025-11-22 17:37:04,h12_m0_l2,12,0,2,child,0.0,0.0,child:0.0; parent:0.0,71
2025-11-22 17:37:04,h12_m0_l2,12,0,2,child,0.0,0.0,child:0.0; parent:0.0,71
2025-11-22 17:37:04,h18_m0_l2,18,0,2,child,0.0,0.0,child:0.0; parent:0.0,72
2025-11-22 17:37:04,h18_m0_l2,18,0,2,child,0.0,0.0,child:0.0; parent:0.0,72
2025-11-22 17:37:04,h18_m0_l2,18,0,2,child,0.0,0.0,child:0.0; parent:0.0,72
2025-11-22 17:37:04,h9_m0_l40,9,0,40,child,0.0,0.0,child:0.0; parent:0.0,73
2025-11-22 17:37:04,h9_m0_l40,9,0,40,child,0.0,0.0,child:0.0; parent:0.0,73
2025-11-22 17:37:04,h9_m0_l40,9,0,40,child,0.0,0.0,child:0.0; parent:0.0,73
2025-11-22 17:37:04,h12_m1_l39,12,1,39,child,50.0,70.0,child:50.0; parent:70.0,74
2025-11-22 17:37:04,h12_m1_l39,12,1,39,child,50.0,70.0,child:50.0; parent:70.0,74
2025-11-22 17:37:04,h12_m1_l39,12,1,39,child,50.0,70.0,child:50.0; parent:70.0,74
2025-11-22 17:37:04,h15_m0_l22,15,0,22,child,0.0,0.0,child:0.0; parent:0.0,75
2025-11-22 17:37:04,h15_m0_l22,15,0,22,child,0.0,0.0,child:0.0; parent:0.0,75
2025-11-22 17:37:04,h15_m0_l22,15,0,22,child,0.0,0.0,child:0.0; parent:0.0,75
2025-11-22 17:37:04,h19_m1_l58,19,1,58,child,50.0,70.0,child:50.0; parent:70.0,76
2025-11-22 17:37:04,h19_m1_l58,19,1,58,child,50.0,70.0,child:50.0; parent:70.0,76
2025-11-22 17:37:04,h19_m1_l58,19,1,58,child,50.0,70.0,child:50.0; parent:70.0,76
2025-11-22 17:37:04,h13_m1_l38,13,1,38,guest,60.0,70.0,guest:60.0; parent:70.0,77
2025-11-22 17:37:04,h13_m1_l38,13,1,38,guest,60.0,70.0,guest:60.0; parent:70.0,77
2025-11-22 17:37:04,h13_m1_l38,13,1,38,guest,60.0,70.0,guest:60.0; parent:70.0,77
2025-11-22 17:37:04,h20_m0_l92,20,0,92,child,0.0,0.0,child:0.0; parent:0.0,78
2025-11-22 17:37:04,h20_m0_l92,20,0,92,child,0.0,0.0,child:0.0; parent:0.0,78
2025-11-22 17:37:04,h20_m0_l92,20,0,92,child,0.0,0.0,child:0.0; parent:0.0,78
2025-11-22 17:37:04,h9_m1_l46,9,1,46,child,50.0,70.0,child:50.0; parent:70.0,79
2025-11-22 17:37:04,h9_m1_l46,9,1,46,child,50.0,70.0,child:50.0; parent:70.0,79
2025-11-22 17:37:04,h9_m1_l46,9,1,46,child,50.0,70.0,child:50.0; parent:70.0,79
2025-11-22 17:37:04,h19_m0_l47,19,0,47,child,0.0,0.0,child:0.0; parent:0.0,80
2025-11-22 17:37:04,h19_m0_l47,19,0,47,child,0.0,0.0,child:0.0; parent:0.0,80
2025-11-22 17:37:04,h19_m0_l47,19,0,47,child,0.0,0.0,child:0.0; parent:0.0,80
2025-11-22 17:37:04,h19_m1_l13,19,1,13,child,60.0,80.0,child:60.0; parent:80.0,81
2025-11-22 17:37:04,h19_m1_l13,19,1,13,child,60.0,80.0,child:60.0; parent:80.0,81
2025-11-22 17:37:04,h19_m1_l13,19,1,13,child,60.0,80.0,child:60.0; parent:80.0,81
2025-11-22 17:40:50,h19_m0_l11,19,0,11,child,0.0,0.0,child:0.0; parent:0.0,1
2025-11-22 17:40:50,h19_m0_l11,19,0,11,child,0.0,0.0,child:0.0; parent:0.0,1
2025-11-22 17:40:50,h19_m0_l11,19,0,11,child,0.0,0.0,child:0.0; parent:0.0,1
2025-11-22 17:40:50,h13_m1_l30,13,1,30,child,50.0,70.0,child:50.0; parent:70.0,2
2025-11-22 17:40:50,h13_m1_l30,13,1,30,child,50.0,70.0,child:50.0; parent:70.0,2
2025-11-22 17:40:50,h13_m1_l30,13,1,30,child,50.0,70.0,child:50.0; parent:70.0,2
2025-11-22 17:40:50,h13_m1_l30,13,1,30,guest,60.0,70.0,child:50.0; guest:60.0; parent:70.0,3
2025-11-22 17:40:50,h13_m1_l30,13,1,30,guest,60.0,70.0,child:50.0; guest:60.0; parent:70.0,3
2025-11-22 17:40:50,h13_m1_l30,13,1,30,guest,60.0,70.0,child:50.0; guest:60.0; parent:70.0,3
2025-11-22 17:40:50,h15_m0_l12,15,0,12,child,0.0,0.0,child:0.0; parent:0.0,4
2025-11-22 17:40:50,h15_m0_l12,15,0,12,child,0.0,0.0,child:0.0; parent:0.0,4
2025-11-22 17:40:50,h15_m0_l12,15,0,12,child,0.0,0.0,child:0.0; parent:0.0,4
2025-11-22 17:40:50,h19_m0_l29,19,0,29,child,0.0,0.0,child:0.0; parent:0.0,5
2025-11-22 17:40:50,h19_m0_l29,19,0,29,child,0.0,0.0,child:0.0; parent:0.0,5
2025-11-22 17:40:50,h19_m0_l29,19,0,29,child,0.0,0.0,child:0.0; parent:0.0,5
2025-11-22 17:40:50,h18_m1_l81,18,1,81,child,30.0,40.0,child:30.0; parent:40.0,6
2025-11-22 17:40:50,h18_m1_l81,18,1,81,child,30.0,40.0,child:30.0; parent:40.0,6
2025-11-22 17:40:50,h18_m1_l81,18,1,81,child,30.0,40.0,child:30.0; parent:40.0,6
2025-11-22 17:40:50,h8_m0_l27,8,0,27,child,0.0,0.0,child:0.0; parent:0.0,7
2025-11-22 17:40:50,h8_m0_l27,8,0,27,child,0.0,0.0,child:0.0; parent:0.0,7
2025-11-22 17:40:50,h8_m0_l27,8,0,27,child,0.0,0.0,child:0.0; parent:0.0,7
2025-11-22 17:40:50,h15_m0_l41,15,0,41,child,0.0,0.0,child:0.0; parent:0.0,8
2025-11-22 17:40:50,h15_m0_l41,15,0,41,child,0.0,0.0,child:0.0; parent:0.0,8
2025-11-22 17:40:50,h15_m0_l41,15,0,41,child,0.0,0.0,child:0.0; parent:0.0,8
2025-11-22 17:40:50,h15_m0_l41,15,0,41,guest,0.0,0.0,child:0.0; guest:0.0; parent:0.0,9
2025-11-22 17:40:50,h15_m0_l41,15,0,41,guest,0.0,0.0,child:0.0; guest:0.0; parent:0.0,9
2025-11-22 17:40:50,h15_m0_l41,15,0,41,guest,0.0,0.0,child:0.0; guest:0.0; parent:0.0,9
2025-11-22 17:40:50,h11_m0_l38,11,0,38,child,0.0,0.0,child:0.0; parent:0.0,10
2025-11-22 17:40:50,h11_m0_l38,11,0,38,child,0.0,0.0,child:0.0; parent:0.0,10
2025-11-22 17:40:50,h11_m0_l38,11,0,38,child,0.0,0.0,child:0.0; parent:0.0,10
2025-11-22 17:40:50,h13_m0_l32,13,0,32,guest,0.0,0.0,guest:0.0; parent:0.0,11
2025-11-22 17:40:50,h13_m0_l32,13,0,32,guest,0.0,0.0,guest:0.0; parent:0.0,11
2025-11-22 17:40:50,h13_m0_l32,13,0,32,guest,0.0,0.0,guest:0.0; parent:0.0,11
2025-11-22 17:40:50,h15_m0_l85,15,0,85,guest,0.0,0.0,guest:0.0; parent:0.0,12
2025-11-22 17:40:50,h15_m0_l85,15,0,85,guest,0.0,0.0,guest:0.0; parent:0.0,12
2025-11-22 17:40:50,h15_m0_l85,15,0,85,guest,0.0,0.0,guest:0.0; parent:0.0,12
2025-11-22 17:40:50,h15_m0_l17,15,0,17,child,0.0,0.0,child:0.0; parent:0.0,13
2025-11-22 17:40:50,h15_m0_l17,15,0,17,child,0.0,0.0,child:0.0; parent:0.0,13
2025-11-22 17:40:50,h15_m0_l17,15,0,17,child,0.0,0.0,child:0.0; parent:0.0,13
2025-11-22 17:40:50,h17_m0_l40,17,0,40,child,0.0,0.0,child:0.0; parent:0.0,14
2025-11-22 17:40:50,h17_m0_l40,17,0,40,child,0.0,0.0,child:0.0; parent:0.0,14
2025-11-22 17:40:50,h17_m0_l40,17,0,40,child,0.0,0.0,child:0.0; parent:0.0,14
2025-11-22 17:40:50,h10_m0_l29,10,0,29,child,0.0,0.0,child:0.0; parent:0.0,15
2025-11-22 17:40:50,h10_m0_l29,10,0,29,child,0.0,0.0,child:0.0; parent:0.0,15
2025-11-22 17:40:50,h10_m0_l29,10,0,29,child,0.0,0.0,child:0.0; parent:0.0,15
2025-11-22 17:40:50,h14_m0_l23,14,0,23,guest,0.0,0.0,guest:0.0; parent:0.0,16
2025-11-22 17:40:50,h14_m0_l23,14,0,23,guest,0.0,0.0,guest:0.0; parent:0.0,16
2025-11-22 17:40:50,h14_m0_l23,14,0,23,guest,0.0,0.0,guest:0.0; parent:0.0,16
2025-11-22 17:40:50,h17_m0_l67,17,0,67,child,0.0,0.0,child:0.0; parent:0.0,17
2025-11-22 17:40:50,h17_m0_l67,17,0,67,child,0.0,0.0,child:0.0; parent:0.0,17
2025-11-22 17:40:50,h17_m0_l67,17,0,67,child,0.0,0.0,child:0.0; parent:0.0,17
2025-11-22 17:40:50,h12_m0_l91,12,0,91,child,0.0,0.0,child:0.0; parent:0.0,18
2025-11-22 17:40:50,h12_m0_l91,12,0,91,child,0.0,0.0,child:0.0; parent:0.0,18
2025-11-22 17:40:50,h12_m0_l91,12,0,91,child,0.0,0.0,child:0.0; parent:0.0,18
2025-11-22 17:40:50,h9_m1_l18,9,1,18,child,60.0,80.0,child:60.0; parent:80.0,19
2025-11-22 17:40:50,h9_m1_l18,9,1,18,child,60.0,80.0,child:60.0; parent:80.0,19
2025-11-22 17:40:50,h9_m1_l18,9,1,18,child,60.0,80.0,child:60.0; parent:80.0,19
2025-11-22 17:40:50,h15_m0_l46,15,0,46,guest,0.0,0.0,guest:0.0; parent:0.0,20
2025-11-22 17:40:50,h15_m0_l46,15,0,46,guest,0.0,0.0,guest:0.0; parent:0.0,20
2025-11-22 17:40:50,h15_m0_l46,15,0,46,guest,0.0,0.0,guest:0.0; parent:0.0,20
2025-11-22 17:40:50,h13_m0_l30,13,0,30,child,0.0,0.0,child:0.0; parent:0.0,21
2025-11-22 17:40:50,h13_m0_l30,13,0,30,child,0.0,0.0,child:0.0; parent:0.0,21
2025-11-22 17:40:50,h13_m0_l30,13,0,30,child,0.0,0.0,child:0.0; parent:0.0,21
2025-11-22 17:40:50,h14_m1_l66,14,1,66,child,30.0,40.0,child:30.0; parent:40.0,22
2025-11-22 17:40:50,h14_m1_l66,14,1,66,child,30.0,40.0,child:30.0; parent:40.0,22
2025-11-22 17:40:50,h14_m1_l66,14,1,66,child,30.0,40.0,child:30.0; parent:40.0,22
2025-11-22 17:40:50,h14_m1_l66,14,1,66,guest,35.0,40.0,child:30.0; guest:35.0; parent:40.0,23
2025-11-22 17:40:50,h14_m1_l66,14,1,66,guest,35.0,40.0,child:30.0; guest:35.0; parent:40.0,23
2025-11-22 17:40:50,h14_m1_l66,14,1,66,guest,35.0,40.0,child:30.0; guest:35.0; parent:40.0,23
2025-11-22 17:40:50,h15_m1_l15,15,1,15,child,60.0,80.0,child:60.0; parent:80.0,24
2025-11-22 17:40:50,h15_m1_l15,15,1,15,child,60.0,80.0,child:60.0; parent:80.0,24
2025-11-22 17:40:50,h15_m1_l15,15,1,15,child,60.0,80.0,child:60.0; parent:80.0,24
2025-11-22 17:40:50,h15_m1_l15,15,1,15,guest,70.0,80.0,child:60.0; guest:70.0; parent:80.0,25
2025-11-22 17:40:50,h15_m1_l15,15,1,15,guest,70.0,80.0,child:60.0; guest:70.0; parent:80.0,25
2025-11-22 17:40:50,h15_m1_l15,15,1,15,guest,70.0,80.0,child:60.0; guest:70.0; parent:80.0,25
2025-11-22 17:40:50,h16_m1_l9,16,1,9,child,60.0,80.0,child:60.0; parent:80.0,26
2025-11-22 17:40:50,h16_m1_l9,16,1,9,child,60.0,80.0,child:60.0; parent:80.0,26
2025-11-22 17:40:50,h16_m1_l9,16,1,9,child,60.0,80.0,child:60.0; parent:80.0,26
2025-11-22 17:40:50,h16_m1_l9,16,1,9,guest,70.0,80.0,child:60.0; guest:70.0; parent:80.0,27
2025-11-22 17:40:50,h16_m1_l9,16,1,9,guest,70.0,80.0,child:60.0; guest:70.0; parent:80.0,27
2025-11-22 17:40:50,h16_m1_l9,16,1,9,guest,70.0,80.0,child:60.0; guest:70.0; parent:80.0,27
2025-11-22 17:40:50,h12_m1_l11,12,1,11,child,60.0,80.0,child:60.0; parent:80.0,28
2025-11-22 17:40:50,h12_m1_l11,12,1,11,child,60.0,80.0,child:60.0; parent:80.0,28
2025-11-22 17:40:50,h12_m1_l11,12,1,11,child,60.0,80.0,child:60.0; parent:80.0,28
2025-11-22 17:40:50,h16_m1_l11,16,1,11,guest,70.0,80.0,guest:70.0; parent:80.0,29
2025-11-22 17:40:50,h16_m1_l11,16,1,11,guest,70.0,80.0,guest:70.0; parent:80.0,29
2025-11-22 17:40:50,h16_m1_l11,16,1,11,guest,70.0,80.0,guest:70.0; parent:80.0,29
2025-11-22 17:40:50,h12_m1_l50,12,1,50,child,50.0,70.0,child:50.0; parent:70.0,30
2025-11-22 17:40:50,h12_m1_l50,12,1,50,child,50.0,70.0,child:50.0; parent:70.0,30
2025-11-22 17:40:50,h12_m1_l50,12,1,50,child,50.0,70.0,child:50.0; parent:70.0,30
2025-11-22 17:40:50,h12_m1_l50,12,1,50,guest,60.0,70.0,child:50.0; guest:60.0; parent:70.0,31
2025-11-22 17:40:50,h12_m1_l50,12,1,50,guest,60.0,70.0,child:50.0; guest:60.0; parent:70.0,31
2025-11-22 17:40:50,h12_m1_l50,12,1,50,guest,60.0,70.0,child:50.0; guest:60.0; parent:70.0,31
2025-11-22 17:40:50,h14_m1_l65,14,1,65,child,30.0,40.0,child:30.0; parent:40.0,32
2025-11-22 17:40:50,h14_m1_l65,14,1,65,child,30.0,40.0,child:30.0; parent:40.0,32
2025-11-22 17:40:50,h14_m1_l65,14,1,65,child,30.0,40.0,child:30.0; parent:40.0,32
2025-11-22 17:40:50,h14_m1_l65,14,1,65,guest,35.0,40.0,child:30.0; guest:35.0; parent:40.0,33
2025-11-22 17:40:50,h14_m1_l65,14,1,65,guest,35.0,40.0,child:30.0; guest:35.0; parent:40.0,33
2025-11-22 17:40:50,h14_m1_l65,14,1,65,guest,35.0,40.0,child:30.0; guest:35.0; parent:40.0,33
2025-11-22 17:40:50,h14_m1_l41,14,1,41,guest,60.0,70.0,guest:60.0; parent:70.0,34
2025-11-22 17:40:50,h14_m1_l41,14,1,41,guest,60.0,70.0,guest:60.0; parent:70.0,34
2025-11-22 17:40:50,h14_m1_l41,14,1,41,guest,60.0,70.0,guest:60.0; parent:70.0,34
2025-11-22 17:40:50,h17_m1_l47,17,1,47,child,50.0,70.0,child:50.0; parent:70.0,35
2025-11-22 17:40:50,h17_m1_l47,17,1,47,child,50.0,70.0,child:50.0; parent:70.0,35
2025-11-22 17:40:50,h17_m1_l47,17,1,47,child,50.0,70.0,child:50.0; parent:70.0,35
2025-11-22 17:40:50,h19_m0_l52,19,0,52,child,0.0,0.0,child:0.0; parent:0.0,36
2025-11-22 17:40:50,h19_m0_l52,19,0,52,child,0.0,0.0,child:0.0; parent:0.0,36
2025-11-22 17:40:50,h19_m0_l52,19,0,52,child,0.0,0.0,child:0.0; parent:0.0,36
2025-11-22 17:40:50,h16_m1_l23,16,1,23,child,50.0,70.0,child:50.0; parent:70.0,37
2025-11-22 17:40:50,h16_m1_l23,16,1,23,child,50.0,70.0,child:50.0; parent:70.0,37
2025-11-22 17:40:50,h16_m1_l23,16,1,23,child,50.0,70.0,child:50.0; parent:70.0,37
2025-11-22 17:40:50,h9_m0_l28,9,0,28,child,0.0,0.0,child:0.0; parent:0.0,38
2025-11-22 17:40:50,h9_m0_l28,9,0,28,child,0.0,0.0,child:0.0; parent:0.0,38
2025-11-22 17:40:50,h9_m0_l28,9,0,28,child,0.0,0.0,child:0.0; parent:0.0,38
2025-11-22 17:40:50,h7_m1_l31,7,1,31,child,50.0,70.0,child:50.0; parent:70.0,39
2025-11-22 17:40:50,h7_m1_l31,7,1,31,child,50.0,70.0,child:50.0; parent:70.0,39
2025-11-22 17:40:50,h7_m1_l31,7,1,31,child,50.0,70.0,child:50.0; parent:70.0,39
2025-11-22 17:40:50,h11_m1_l59,11,1,59,child,50.0,70.0,child:50.0; parent:70.0,40
2025-11-22 17:40:50,h11_m1_l59,11,1,59,child,50.0,70.0,child:50.0; parent:70.0,40
2025-11-22 17:40:50,h11_m1_l59,11,1,59,child,50.0,70.0,child:50.0; parent:70.0,40
2025-11-22 17:40:50,h7_m1_l37,7,1,37,child,50.0,70.0,child:50.0; parent:70.0,41
2025-11-22 17:40:50,h7_m1_l37,7,1,37,child,50.0,70.0,child:50.0; parent:70.0,41
2025-11-22 17:40:50,h7_m1_l37,7,1,37,child,50.0,70.0,child:50.0; parent:70.0,41
2025-11-22 17:40:50,h8_m1_l90,8,1,90,child,30.0,40.0,child:30.0; parent:40.0,42
2025-11-22 17:40:50,h8_m1_l90,8,1,90,child,30.0,40.0,child:30.0; parent:40.0,42
2025-11-22 17:40:50,h8_m1_l90,8,1,90,child,30.0,40.0,child:30.0; parent:40.0,42
2025-11-22 17:40:51,h7_m0_l31,7,0,31,child,0.0,0.0,child:0.0; parent:0.0,43
2025-11-22 17:40:51,h7_m0_l31,7,0,31,child,0.0,0.0,child:0.0; parent:0.0,43
2025-11-22 17:40:51,h7_m0_l31,7,0,31,child,0.0,0.0,child:0.0; parent:0.0,43
2025-11-22 17:40:51,h15_m1_l7,15,1,7,child,60.0,80.0,child:60.0; parent:80.0,44
2025-11-22 17:40:51,h15_m1_l7,15,1,7,child,60.0,80.0,child:60.0; parent:80.0,44
2025-11-22 17:40:51,h15_m1_l7,15,1,7,child,60.0,80.0,child:60.0; parent:80.0,44
2025-11-22 17:40:51,h14_m1_l64,14,1,64,child,30.0,40.0,child:30.0; parent:40.0,45
2025-11-22 17:40:51,h14_m1_l64,14,1,64,child,30.0,40.0,child:30.0; parent:40.0,45
2025-11-22 17:40:51,h14_m1_l64,14,1,64,child,30.0,40.0,child:30.0; parent:40.0,45
2025-11-22 17:40:51,h15_m0_l12,15,0,12,parent,0.0,0.0,child:0.0; parent:0.0,46
2025-11-22 17:40:51,h15_m0_l12,15,0,12,parent,0.0,0.0,child:0.0; parent:0.0,46
2025-11-22 17:40:51,h15_m0_l12,15,0,12,parent,0.0,0.0,child:0.0; parent:0.0,46
2025-11-22 17:40:51,h15_m0_l12,15,0,12,child,0.0,0.0,child:0.0; parent:0.0,47
2025-11-22 17:40:51,h15_m0_l12,15,0,12,child,0.0,0.0,child:0.0; parent:0.0,47
2025-11-22 17:40:51,h15_m0_l12,15,0,12,child,0.0,0.0,child:0.0; parent:0.0,47
2025-11-22 17:40:51,h15_m0_l12,15,0,12,guest,0.0,0.0,child:0.0; guest:0.0; parent:0.0,48
2025-11-22 17:40:51,h15_m0_l12,15,0,12,guest,0.0,0.0,child:0.0; guest:0.0; parent:0.0,48
2025-11-22 17:40:51,h15_m0_l12,15,0,12,guest,0.0,0.0,child:0.0; guest:0.0; parent:0.0,48
2025-11-22 17:40:51,h17_m1_l57,17,1,57,guest,60.0,70.0,guest:60.0; parent:70.0,49
2025-11-22 17:40:51,h17_m1_l57,17,1,57,guest,60.0,70.0,guest:60.0; parent:70.0,49
2025-11-22 17:40:51,h17_m1_l57,17,1,57,guest,60.0,70.0,guest:60.0; parent:70.0,49
2025-11-22 17:40:51,h20_m1_l12,20,1,12,child,60.0,80.0,child:60.0; parent:80.0,50
2025-11-22 17:40:51,h20_m1_l12,20,1,12,child,60.0,80.0,child:60.0; parent:80.0,50
2025-11-22 17:40:51,h20_m1_l12,20,1,12,child,60.0,80.0,child:60.0; parent:80.0,50
2025-11-22 17:40:51,h10_m0_l11,10,0,11,child,0.0,0.0,child:0.0; parent:0.0,51
2025-11-22 17:40:51,h10_m0_l11,10,0,11,child,0.0,0.0,child:0.0; parent:0.0,51
2025-11-22 17:40:51,h10_m0_l11,10,0,11,child,0.0,0.0,child:0.0; parent:0.0,51
2025-11-22 17:40:51,h7_m0_l17,7,0,17,child,0.0,0.0,child:0.0; parent:0.0,52
2025-11-22 17:40:51,h7_m0_l17,7,0,17,child,0.0,0.0,child:0.0; parent:0.0,52
2025-11-22 17:40:51,h7_m0_l17,7,0,17,child,0.0,0.0,child:0.0; parent:0.0,52
2025-11-22 17:40:51,h16_m1_l41,16,1,41,child,50.0,70.0,child:50.0; parent:70.0,53
2025-11-22 17:40:51,h16_m1_l41,16,1,41,child,50.0,70.0,child:50.0; parent:70.0,53
2025-11-22 17:40:51,h16_m1_l41,16,1,41,child,50.0,70.0,child:50.0; parent:70.0,53
2025-11-22 17:40:51,h13_m0_l35,13,0,35,child,0.0,0.0,child:0.0; parent:0.0,54
2025-11-22 17:40:51,h13_m0_l35,13,0,35,child,0.0,0.0,child:0.0; parent:0.0,54
2025-11-22 17:40:51,h13_m0_l35,13,0,35,child,0.0,0.0,child:0.0; parent:0.0,54
2025-11-22 17:40:51,h8_m0_l35,8,0,35,child,0.0,0.0,child:0.0; parent:0.0,55
2025-11-22 17:40:51,h8_m0_l35,8,0,35,child,0.0,0.0,child:0.0; parent:0.0,55
2025-11-22 17:40:51,h8_m0_l35,8,0,35,child,0.0,0.0,child:0.0; parent:0.0,55
2025-11-22 17:40:51,h10_m1_l19,10,1,19,child,60.0,80.0,child:60.0; parent:80.0,56
2025-11-22 17:40:51,h10_m1_l19,10,1,19,child,60.0,80.0,child:60.0; parent:80.0,56
2025-11-22 17:40:51,h10_m1_l19,10,1,19,child,60.0,80.0,child:60.0; parent:80.0,56
2025-11-22 17:40:51,h12_m1_l37,12,1,37,child,50.0,70.0,child:50.0; parent:70.0,57
2025-11-22 17:40:51,h12_m1_l37,12,1,37,child,50.0,70.0,child:50.0; parent:70.0,57
2025-11-22 17:40:51,h12_m1_l37,12,1,37,child,50.0,70.0,child:50.0; parent:70.0,57
2025-11-22 17:40:51,h12_m1_l37,12,1,37,guest,60.0,70.0,child:50.0; guest:60.0; parent:70.0,58
2025-11-22 17:40:51,h12_m1_l37,12,1,37,guest,60.0,70.0,child:50.0; guest:60.0; parent:70.0,58
2025-11-22 17:40:51,h12_m1_l37,12,1,37,guest,60.0,70.0,child:50.0; guest:60.0; parent:70.0,58
2025-11-22 17:40:51,h17_m0_l66,17,0,66,child,0.0,0.0,child:0.0; parent:0.0,59
2025-11-22 17:40:51,h17_m0_l66,17,0,66,child,0.0,0.0,child:0.0; parent:0.0,59
2025-11-22 17:40:51,h17_m0_l66,17,0,66,child,0.0,0.0,child:0.0; parent:0.0,59
2025-11-22 17:40:51,h17_m0_l66,17,0,66,guest,0.0,0.0,child:0.0; guest:0.0; parent:0.0,60
2025-11-22 17:40:51,h17_m0_l66,17,0,66,guest,0.0,0.0,child:0.0; guest:0.0; parent:0.0,60
2025-11-22 17:40:51,h17_m0_l66,17,0,66,guest,0.0,0.0,child:0.0; guest:0.0; parent:0.0,60
2025-11-22 17:40:51,h13_m0_l30,13,0,30,parent,0.0,0.0,child:0.0; parent:0.0,61
2025-11-22 17:40:51,h13_m0_l30,13,0,30,parent,0.0,0.0,child:0.0; parent:0.0,61
2025-11-22 17:40:51,h13_m0_l30,13,0,30,parent,0.0,0.0,child:0.0; parent:0.0,61
2025-11-22 17:40:51,h13_m0_l30,13,0,30,child,0.0,0.0,child:0.0; parent:0.0,62
2025-11-22 17:40:51,h13_m0_l30,13,0,30,child,0.0,0.0,child:0.0; parent:0.0,62
2025-11-22 17:40:51,h13_m0_l30,13,0,30,child,0.0,0.0,child:0.0; parent:0.0,62
2025-11-22 17:40:51,h17_m0_l99,17,0,99,guest,0.0,0.0,guest:0.0; parent:0.0,63
2025-11-22 17:40:51,h17_m0_l99,17,0,99,guest,0.0,0.0,guest:0.0; parent:0.0,63
2025-11-22 17:40:51,h17_m0_l99,17,0,99,guest,0.0,0.0,guest:0.0; parent:0.0,63
2025-11-22 17:40:51,h16_m1_l66,16,1,66,child,30.0,40.0,child:30.0; parent:40.0,64
2025-11-22 17:40:51,h16_m1_l66,16,1,66,child,30.0,40.0,child:30.0; parent:40.0,64
2025-11-22 17:40:51,h16_m1_l66,16,1,66,child,30.0,40.0,child:30.0; parent:40.0,64
2025-11-22 17:40:51,h20_m0_l10,20,0,10,child,0.0,0.0,child:0.0; parent:0.0,65
2025-11-22 17:40:51,h20_m0_l10,20,0,10,child,0.0,0.0,child:0.0; parent:0.0,65
2025-11-22 17:40:51,h20_m0_l10,20,0,10,child,0.0,0.0,child:0.0; parent:0.0,65
2025-11-22 17:40:51,h16_m1_l39,16,1,39,child,50.0,70.0,child:50.0; parent:70.0,66
2025-11-22 17:40:51,h16_m1_l39,16,1,39,child,50.0,70.0,child:50.0; parent:70.0,66
2025-11-22 17:40:51,h16_m1_l39,16,1,39,child,50.0,70.0,child:50.0; parent:70.0,66
2025-11-22 17:40:51,h19_m0_l90,19,0,90,child,0.0,0.0,child:0.0; parent:0.0,67
2025-11-22 17:40:51,h19_m0_l90,19,0,90,child,0.0,0.0,child:0.0; parent:0.0,67
2025-11-22 17:40:51,h19_m0_l90,19,0,90,child,0.0,0.0,child:0.0; parent:0.0,67
2025-11-22 17:40:51,h20_m1_l25,20,1,25,child,50.0,70.0,child:50.0; parent:70.0,68
2025-11-22 17:40:51,h20_m1_l25,20,1,25,child,50.0,70.0,child:50.0; parent:70.0,68
2025-11-22 17:40:51,h20_m1_l25,20,1,25,child,50.0,70.0,child:50.0; parent:70.0,68
2025-11-22 17:40:51,h18_m1_l64,18,1,64,child,30.0,40.0,child:30.0; parent:40.0,69
2025-11-22 17:40:51,h18_m1_l64,18,1,64,child,30.0,40.0,child:30.0; parent:40.0,69
2025-11-22 17:40:51,h18_m1_l64,18,1,64,child,30.0,40.0,child:30.0; parent:40.0,69
2025-11-22 17:40:51,h8_m0_l26,8,0,26,child,0.0,0.0,child:0.0; parent:0.0,70
2025-11-22 17:40:51,h8_m0_l26,8,0,26,child,0.0,0.0,child:0.0; parent:0.0,70
2025-11-22 17:40:51,h8_m0_l26,8,0,26,child,0.0,0.0,child:0.0; parent:0.0,70
2025-11-22 17:40:51,h10_m0_l75,10,0,75,child,0.0,0.0,child:0.0; parent:0.0,71
2025-11-22 17:40:51,h10_m0_l75,10,0,75,child,0.0,0.0,child:0.0; parent:0.0,71
2025-11-22 17:40:51,h10_m0_l75,10,0,75,child,0.0,0.0,child:0.0; parent:0.0,71
2025-11-22 17:40:51,h11_m1_l73,11,1,73,child,30.0,40.0,child:30.0; parent:40.0,72
2025-11-22 17:40:51,h11_m1_l73,11,1,73,child,30.0,40.0,child:30.0; parent:40.0,72
2025-11-22 17:40:51,h11_m1_l73,11,1,73,child,30.0,40.0,child:30.0; parent:40.0,72
2025-11-22 17:40:51,h11_m1_l73,11,1,73,guest,35.0,40.0,child:30.0; guest:35.0; parent:40.0,73
2025-11-22 17:40:51,h11_m1_l73,11,1,73,guest,35.0,40.0,child:30.0; guest:35.0; parent:40.0,73
2025-11-22 17:40:51,h11_m1_l73,11,1,73,guest,35.0,40.0,child:30.0; guest:35.0; parent:40.0,73
2025-11-22 17:40:51,h19_m0_l51,19,0,51,child,0.0,0.0,child:0.0; parent:0.0,74
2025-11-22 17:40:51,h19_m0_l51,19,0,51,child,0.0,0.0,child:0.0; parent:0.0,74
2025-11-22 17:40:51,h19_m0_l51,19,0,51,child,0.0,0.0,child:0.0; parent:0.0,74
2025-11-22 17:40:51,h13_m1_l80,13,1,80,child,30.0,40.0,child:30.0; parent:40.0,75
2025-11-22 17:40:51,h13_m1_l80,13,1,80,child,30.0,40.0,child:30.0; parent:40.0,75
2025-11-22 17:40:51,h13_m1_l80,13,1,80,child,30.0,40.0,child:30.0; parent:40.0,75
2025-11-22 17:40:51,h8_m0_l89,8,0,89,child,0.0,0.0,child:0.0; parent:0.0,76
2025-11-22 17:40:51,h8_m0_l89,8,0,89,child,0.0,0.0,child:0.0; parent:0.0,76
2025-11-22 17:40:51,h8_m0_l89,8,0,89,child,0.0,0.0,child:0.0; parent:0.0,76
2025-11-22 17:40:51,h16_m0_l39,16,0,39,child,0.0,0.0,child:0.0; parent:0.0,77
2025-11-22 17:40:51,h16_m0_l39,16,0,39,child,0.0,0.0,child:0.0; parent:0.0,77
2025-11-22 17:40:51,h16_m0_l39,16,0,39,child,0.0,0.0,child:0.0; parent:0.0,77
2025-11-22 17:40:51,h12_m1_l29,12,1,29,child,50.0,70.0,child:50.0; parent:70.0,78
2025-11-22 17:40:51,h12_m1_l29,12,1,29,child,50.0,70.0,child:50.0; parent:70.0,78
2025-11-22 17:40:51,h12_m1_l29,12,1,29,child,50.0,70.0,child:50.0; parent:70.0,78
2025-11-22 17:40:51,h19_m0_l58,19,0,58,child,0.0,0.0,child:0.0; parent:0.0,79
2025-11-22 17:40:51,h19_m0_l58,19,0,58,child,0.0,0.0,child:0.0; parent:0.0,79
2025-11-22 17:40:51,h19_m0_l58,19,0,58,child,0.0,0.0,child:0.0; parent:0.0,79
2025-11-22 17:40:51,h13_m1_l83,13,1,83,child,30.0,40.0,child:30.0; parent:40.0,80
2025-11-22 17:40:51,h13_m1_l83,13,1,83,child,30.0,40.0,child:30.0; parent:40.0,80
2025-11-22 17:40:51,h13_m1_l83,13,1,83,child,30.0,40.0,child:30.0; parent:40.0,80
2025-11-22 17:40:51,h17_m1_l52,17,1,52,child,50.0,70.0,child:50.0; parent:70.0,81
2025-11-22 17:40:51,h17_m1_l52,17,1,52,child,50.0,70.0,child:50.0; parent:70.0,81
2025-11-22 17:40:51,h17_m1_l52,17,1,52,child,50.0,70.0,child:50.0; parent:70.0,81
2025-11-22 17:47:19,h12_m1_l87,12,1,87,guest,35.0,40.0,guest:35.0; parent:40.0,1
2025-11-22 17:47:19,h12_m1_l87,12,1,87,guest,35.0,40.0,guest:35.0; parent:40.0,1
2025-11-22 17:47:19,h12_m1_l87,12,1,87,guest,35.0,40.0,guest:35.0; parent:40.0,1
2025-11-22 17:47:19,h11_m1_l13,11,1,13,child,60.0,80.0,child:60.0; parent:80.0,2
2025-11-22 17:47:19,h11_m1_l13,11,1,13,child,60.0,80.0,child:60.0; parent:80.0,2
2025-11-22 17:47:19,h11_m1_l13,11,1,13,child,60.0,80.0,child:60.0; parent:80.0,2
2025-11-22 17:47:19,h9_m0_l2,9,0,2,child,0.0,0.0,child:0.0; parent:0.0,3
2025-11-22 17:47:19,h9_m0_l2,9,0,2,child,0.0,0.0,child:0.0; parent:0.0,3
2025-11-22 17:47:19,h9_m0_l2,9,0,2,child,0.0,0.0,child:0.0; parent:0.0,3
2025-11-22 17:47:19,h9_m0_l2,9,0,2,guest,0.0,0.0,child:0.0; guest:0.0; parent:0.0,4
2025-11-22 17:47:19,h9_m0_l2,9,0,2,guest,0.0,0.0,child:0.0; guest:0.0; parent:0.0,4
2025-11-22 17:47:19,h9_m0_l2,9,0,2,guest,0.0,0.0,child:0.0; guest:0.0; parent:0.0,4
2025-11-22 17:47:19,h13_m0_l9,13,0,9,child,0.0,0.0,child:0.0; parent:0.0,5
2025-11-22 17:47:19,h13_m0_l9,13,0,9,child,0.0,0.0,child:0.0; parent:0.0,5
2025-11-22 17:47:19,h13_m0_l9,13,0,9,child,0.0,0.0,child:0.0; parent:0.0,5
2025-11-22 17:47:19,h15_m0_l70,15,0,70,guest,0.0,0.0,guest:0.0; parent:0.0,6
2025-11-22 17:47:19,h15_m0_l70,15,0,70,guest,0.0,0.0,guest:0.0; parent:0.0,6
2025-11-22 17:47:19,h15_m0_l70,15,0,70,guest,0.0,0.0,guest:0.0; parent:0.0,6
2025-11-22 17:47:19,h16_m0_l0,16,0,0,guest,0.0,0.0,guest:0.0; parent:0.0,7
2025-11-22 17:47:19,h16_m0_l0,16,0,0,guest,0.0,0.0,guest:0.0; parent:0.0,7
2025-11-22 17:47:19,h16_m0_l0,16,0,0,guest,0.0,0.0,guest:0.0; parent:0.0,7
2025-11-22 17:47:19,h11_m1_l84,11,1,84,child,30.0,40.0,child:30.0; parent:40.0,8
2025-11-22 17:47:19,h11_m1_l84,11,1,84,child,30.0,40.0,child:30.0; parent:40.0,8
2025-11-22 17:47:19,h11_m1_l84,11,1,84,child,30.0,40.0,child:30.0; parent:40.0,8
2025-11-22 17:47:19,h11_m1_l84,11,1,84,guest,35.0,40.0,child:30.0; guest:35.0; parent:40.0,9
2025-11-22 17:47:19,h11_m1_l84,11,1,84,guest,35.0,40.0,child:30.0; guest:35.0; parent:40.0,9
2025-11-22 17:47:19,h11_m1_l84,11,1,84,guest,35.0,40.0,child:30.0; guest:35.0; parent:40.0,9
2025-11-22 17:47:19,h11_m0_l29,11,0,29,child,0.0,0.0,child:0.0; parent:0.0,10
2025-11-22 17:47:19,h11_m0_l29,11,0,29,child,0.0,0.0,child:0.0; parent:0.0,10
2025-11-22 17:47:19,h11_m0_l29,11,0,29,child,0.0,0.0,child:0.0; parent:0.0,10
2025-11-22 17:47:19,h17_m0_l85,17,0,85,child,0.0,0.0,child:0.0; parent:0.0,11
2025-11-22 17:47:19,h17_m0_l85,17,0,85,child,0.0,0.0,child:0.0; parent:0.0,11
2025-11-22 17:47:19,h17_m0_l85,17,0,85,child,0.0,0.0,child:0.0; parent:0.0,11
2025-11-22 17:47:19,h17_m0_l85,17,0,85,guest,0.0,0.0,child:0.0; guest:0.0; parent:0.0,12
2025-11-22 17:47:19,h17_m0_l85,17,0,85,guest,0.0,0.0,child:0.0; guest:0.0; parent:0.0,12
2025-11-22 17:47:19,h17_m0_l85,17,0,85,guest,0.0,0.0,child:0.0; guest:0.0; parent:0.0,12
2025-11-22 17:47:19,h10_m0_l66,10,0,66,guest,0.0,0.0,guest:0.0; parent:0.0,13
2025-11-22 17:47:19,h10_m0_l66,10,0,66,guest,0.0,0.0,guest:0.0; parent:0.0,13
2025-11-22 17:47:19,h10_m0_l66,10,0,66,guest,0.0,0.0,guest:0.0; parent:0.0,13
2025-11-22 17:47:19,h9_m1_l84,9,1,84,child,30.0,40.0,child:30.0; parent:40.0,14
2025-11-22 17:47:19,h9_m1_l84,9,1,84,child,30.0,40.0,child:30.0; parent:40.0,14
2025-11-22 17:47:19,h9_m1_l84,9,1,84,child,30.0,40.0,child:30.0; parent:40.0,14
2025-11-22 17:47:19,h11_m0_l33,11,0,33,child,0.0,0.0,child:0.0; parent:0.0,15
2025-11-22 17:47:19,h11_m0_l33,11,0,33,child,0.0,0.0,child:0.0; parent:0.0,15
2025-11-22 17:47:19,h11_m0_l33,11,0,33,child,0.0,0.0,child:0.0; parent:0.0,15
2025-11-22 17:47:19,h19_m1_l71,19,1,71,child,30.0,40.0,child:30.0; parent:40.0,16
2025-11-22 17:47:19,h19_m1_l71,19,1,71,child,30.0,40.0,child:30.0; parent:40.0,16
2025-11-22 17:47:19,h19_m1_l71,19,1,71,child,30.0,40.0,child:30.0; parent:40.0,16
2025-11-22 17:47:19,h11_m0_l29,11,0,29,parent,0.0,0.0,child:0.0; parent:0.0,17
2025-11-22 17:47:19,h11_m0_l29,11,0,29,parent,0.0,0.0,child:0.0; parent:0.0,17
2025-11-22 17:47:19,h11_m0_l29,11,0,29,parent,0.0,0.0,child:0.0; parent:0.0,17
2025-11-22 17:47:19,h16_m0_l70,16,0,70,child,0.0,0.0,child:0.0; parent:0.0,18
2025-11-22 17:47:19,h16_m0_l70,16,0,70,child,0.0,0.0,child:0.0; parent:0.0,18
2025-11-22 17:47:19,h16_m0_l70,16,0,70,child,0.0,0.0,child:0.0; parent:0.0,18
2025-11-22 17:47:19,h7_m0_l3,7,0,3,child,0.0,0.0,child:0.0; parent:0.0,19
2025-11-22 17:47:19,h7_m0_l3,7,0,3,child,0.0,0.0,child:0.0; parent:0.0,19
2025-11-22 17:47:19,h7_m0_l3,7,0,3,child,0.0,0.0,child:0.0; parent:0.0,19
2025-11-22 17:47:19,h16_m0_l45,16,0,45,guest,0.0,0.0,guest:0.0; parent:0.0,20
2025-11-22 17:47:19,h16_m0_l45,16,0,45,guest,0.0,0.0,guest:0.0; parent:0.0,20
2025-11-22 17:47:19,h16_m0_l45,16,0,45,guest,0.0,0.0,guest:0.0; parent:0.0,20
2025-11-22 17:47:19,h10_m0_l78,10,0,78,child,0.0,0.0,child:0.0; parent:0.0,21
2025-11-22 17:47:19,h10_m0_l78,10,0,78,child,0.0,0.0,child:0.0; parent:0.0,21
2025-11-22 17:47:19,h10_m0_l78,10,0,78,child,0.0,0.0,child:0.0; parent:0.0,21
2025-11-22 17:47:19,h15_m1_l51,15,1,51,child,50.0,70.0,child:50.0; parent:70.0,22
2025-11-22 17:47:19,h15_m1_l51,15,1,51,child,50.0,70.0,child:50.0; parent:70.0,22
2025-11-22 17:47:19,h15_m1_l51,15,1,51,child,50.0,70.0,child:50.0; parent:70.0,22
2025-11-22 17:47:19,h15_m1_l51,15,1,51,guest,60.0,70.0,child:50.0; guest:60.0; parent:70.0,23
2025-11-22 17:47:19,h15_m1_l51,15,1,51,guest,60.0,70.0,child:50.0; guest:60.0; parent:70.0,23
2025-11-22 17:47:19,h15_m1_l51,15,1,51,guest,60.0,70.0,child:50.0; guest:60.0; parent:70.0,23
2025-11-22 17:47:19,h18_m1_l77,18,1,77,child,30.0,40.0,child:30.0; parent:40.0,24
2025-11-22 17:47:19,h18_m1_l77,18,1,77,child,30.0,40.0,child:30.0; parent:40.0,24
2025-11-22 17:47:19,h18_m1_l77,18,1,77,child,30.0,40.0,child:30.0; parent:40.0,24
2025-11-22 17:47:19,h16_m1_l19,16,1,19,child,60.0,80.0,child:60.0; parent:80.0,25
2025-11-22 17:47:19,h16_m1_l19,16,1,19,child,60.0,80.0,child:60.0; parent:80.0,25
2025-11-22 17:47:19,h16_m1_l19,16,1,19,child,60.0,80.0,child:60.0; parent:80.0,25
2025-11-22 17:47:19,h12_m1_l24,12,1,24,child,50.0,70.0,child:50.0; parent:70.0,26
2025-11-22 17:47:19,h12_m1_l24,12,1,24,child,50.0,70.0,child:50.0; parent:70.0,26
2025-11-22 17:47:19,h12_m1_l24,12,1,24,child,50.0,70.0,child:50.0; parent:70.0,26
2025-11-22 17:47:19,h12_m1_l24,12,1,24,guest,60.0,70.0,child:50.0; guest:60.0; parent:70.0,27
2025-11-22 17:47:19,h12_m1_l24,12,1,24,guest,60.0,70.0,child:50.0; guest:60.0; parent:70.0,27
2025-11-22 17:47:19,h12_m1_l24,12,1,24,guest,60.0,70.0,child:50.0; guest:60.0; parent:70.0,27
2025-11-22 17:47:19,h11_m0_l87,11,0,87,child,0.0,0.0,child:0.0; parent:0.0,28
2025-11-22 17:47:19,h11_m0_l87,11,0,87,child,0.0,0.0,child:0.0; parent:0.0,28
2025-11-22 17:47:19,h11_m0_l87,11,0,87,child,0.0,0.0,child:0.0; parent:0.0,28
2025-11-22 17:47:19,h7_m0_l46,7,0,46,child,0.0,0.0,child:0.0; parent:0.0,29
2025-11-22 17:47:20,h7_m0_l46,7,0,46,child,0.0,0.0,child:0.0; parent:0.0,29
2025-11-22 17:47:20,h7_m0_l46,7,0,46,child,0.0,0.0,child:0.0; parent:0.0,29
2025-11-22 17:47:20,h16_m0_l27,16,0,27,child,0.0,0.0,child:0.0; parent:0.0,30
2025-11-22 17:47:20,h16_m0_l27,16,0,27,child,0.0,0.0,child:0.0; parent:0.0,30
2025-11-22 17:47:20,h16_m0_l27,16,0,27,child,0.0,0.0,child:0.0; parent:0.0,30
2025-11-22 17:47:20,h14_m1_l22,14,1,22,child,50.0,70.0,child:50.0; parent:70.0,31
2025-11-22 17:47:20,h14_m1_l22,14,1,22,child,50.0,70.0,child:50.0; parent:70.0,31
2025-11-22 17:47:20,h14_m1_l22,14,1,22,child,50.0,70.0,child:50.0; parent:70.0,31
2025-11-22 17:47:20,h14_m1_l22,14,1,22,guest,60.0,70.0,child:50.0; guest:60.0; parent:70.0,32
2025-11-22 17:47:20,h14_m1_l22,14,1,22,guest,60.0,70.0,child:50.0; guest:60.0; parent:70.0,32
2025-11-22 17:47:20,h14_m1_l22,14,1,22,guest,60.0,70.0,child:50.0; guest:60.0; parent:70.0,32
2025-11-22 17:47:20,h9_m1_l56,9,1,56,child,50.0,70.0,child:50.0; parent:70.0,33
2025-11-22 17:47:20,h9_m1_l56,9,1,56,child,50.0,70.0,child:50.0; parent:70.0,33
2025-11-22 17:47:20,h9_m1_l56,9,1,56,child,50.0,70.0,child:50.0; parent:70.0,33
2025-11-22 17:47:20,h13_m1_l51,13,1,51,child,50.0,70.0,child:50.0; parent:70.0,34
2025-11-22 17:47:20,h13_m1_l51,13,1,51,child,50.0,70.0,child:50.0; parent:70.0,34
2025-11-22 17:47:20,h13_m1_l51,13,1,51,child,50.0,70.0,child:50.0; parent:70.0,34
2025-11-22 17:47:20,h11_m1_l30,11,1,30,child,50.0,70.0,child:50.0; parent:70.0,35
2025-11-22 17:47:20,h11_m1_l30,11,1,30,child,50.0,70.0,child:50.0; parent:70.0,35
2025-11-22 17:47:20,h11_m1_l30,11,1,30,child,50.0,70.0,child:50.0; parent:70.0,35
2025-11-22 17:47:20,h11_m1_l30,11,1,30,guest,60.0,70.0,child:50.0; guest:60.0; parent:70.0,36
2025-11-22 17:47:20,h11_m1_l30,11,1,30,guest,60.0,70.0,child:50.0; guest:60.0; parent:70.0,36
2025-11-22 17:47:20,h11_m1_l30,11,1,30,guest,60.0,70.0,child:50.0; guest:60.0; parent:70.0,36
2025-11-22 17:47:20,h8_m1_l70,8,1,70,child,30.0,40.0,child:30.0; parent:40.0,37
2025-11-22 17:47:20,h8_m1_l70,8,1,70,child,30.0,40.0,child:30.0; parent:40.0,37
2025-11-22 17:47:20,h8_m1_l70,8,1,70,child,30.0,40.0,child:30.0; parent:40.0,37
2025-11-22 17:47:20,h20_m0_l52,20,0,52,child,0.0,0.0,child:0.0; parent:0.0,38
2025-11-22 17:47:20,h20_m0_l52,20,0,52,child,0.0,0.0,child:0.0; parent:0.0,38
2025-11-22 17:47:20,h20_m0_l52,20,0,52,child,0.0,0.0,child:0.0; parent:0.0,38
2025-11-22 17:47:20,h11_m1_l65,11,1,65,guest,35.0,40.0,guest:35.0; parent:40.0,39
2025-11-22 17:47:20,h11_m1_l65,11,1,65,guest,35.0,40.0,guest:35.0; parent:40.0,39
2025-11-22 17:47:20,h11_m1_l65,11,1,65,guest,35.0,40.0,guest:35.0; parent:40.0,39
2025-11-22 17:47:20,h11_m0_l56,11,0,56,child,0.0,0.0,child:0.0; parent:0.0,40
2025-11-22 17:47:20,h11_m0_l56,11,0,56,child,0.0,0.0,child:0.0; parent:0.0,40
2025-11-22 17:47:20,h11_m0_l56,11,0,56,child,0.0,0.0,child:0.0; parent:0.0,40
2025-11-22 17:47:20,h18_m0_l55,18,0,55,child,0.0,0.0,child:0.0; parent:0.0,41
2025-11-22 17:47:20,h18_m0_l55,18,0,55,child,0.0,0.0,child:0.0; parent:0.0,41
2025-11-22 17:47:20,h18_m0_l55,18,0,55,child,0.0,0.0,child:0.0; parent:0.0,41
2025-11-22 17:47:20,h16_m0_l49,16,0,49,guest,0.0,0.0,guest:0.0; parent:0.0,42
2025-11-22 17:47:20,h16_m0_l49,16,0,49,guest,0.0,0.0,guest:0.0; parent:0.0,42
2025-11-22 17:47:20,h16_m0_l49,16,0,49,guest,0.0,0.0,guest:0.0; parent:0.0,42
2025-11-22 17:47:20,h13_m1_l68,13,1,68,guest,35.0,40.0,guest:35.0; parent:40.0,43
2025-11-22 17:47:20,h13_m1_l68,13,1,68,guest,35.0,40.0,guest:35.0; parent:40.0,43
2025-11-22 17:47:20,h13_m1_l68,13,1,68,guest,35.0,40.0,guest:35.0; parent:40.0,43
2025-11-22 17:47:20,h10_m1_l79,10,1,79,child,30.0,40.0,child:30.0; parent:40.0,44
2025-11-22 17:47:20,h10_m1_l79,10,1,79,child,30.0,40.0,child:30.0; parent:40.0,44
2025-11-22 17:47:20,h10_m1_l79,10,1,79,child,30.0,40.0,child:30.0; parent:40.0,44
2025-11-22 17:47:20,h10_m1_l72,10,1,72,child,30.0,40.0,child:30.0; parent:40.0,45
2025-11-22 17:47:20,h10_m1_l72,10,1,72,child,30.0,40.0,child:30.0; parent:40.0,45
2025-11-22 17:47:20,h10_m1_l72,10,1,72,child,30.0,40.0,child:30.0; parent:40.0,45
2025-11-22 17:47:20,h8_m0_l72,8,0,72,child,0.0,0.0,child:0.0; parent:0.0,46
2025-11-22 17:47:20,h8_m0_l72,8,0,72,child,0.0,0.0,child:0.0; parent:0.0,46
2025-11-22 17:47:20,h8_m0_l72,8,0,72,child,0.0,0.0,child:0.0; parent:0.0,46
2025-11-22 17:47:20,h14_m0_l18,14,0,18,child,0.0,0.0,child:0.0; parent:0.0,47
2025-11-22 17:47:20,h14_m0_l18,14,0,18,child,0.0,0.0,child:0.0; parent:0.0,47
2025-11-22 17:47:20,h14_m0_l18,14,0,18,child,0.0,0.0,child:0.0; parent:0.0,47
2025-11-22 17:47:20,h12_m1_l1,12,1,1,child,60.0,80.0,child:60.0; parent:80.0,48
2025-11-22 17:47:20,h12_m1_l1,12,1,1,child,60.0,80.0,child:60.0; parent:80.0,48
2025-11-22 17:47:20,h12_m1_l1,12,1,1,child,60.0,80.0,child:60.0; parent:80.0,48
2025-11-22 17:47:20,h9_m1_l77,9,1,77,child,30.0,40.0,child:30.0; parent:40.0,49
2025-11-22 17:47:20,h9_m1_l77,9,1,77,child,30.0,40.0,child:30.0; parent:40.0,49
2025-11-22 17:47:20,h9_m1_l77,9,1,77,child,30.0,40.0,child:30.0; parent:40.0,49
2025-11-22 17:47:20,h9_m1_l77,9,1,77,guest,35.0,40.0,child:30.0; guest:35.0; parent:40.0,50
2025-11-22 17:47:20,h9_m1_l77,9,1,77,guest,35.0,40.0,child:30.0; guest:35.0; parent:40.0,50
2025-11-22 17:47:20,h9_m1_l77,9,1,77,guest,35.0,40.0,child:30.0; guest:35.0; parent:40.0,50
2025-11-22 17:47:20,h20_m0_l29,20,0,29,child,0.0,0.0,child:0.0; parent:0.0,51
2025-11-22 17:47:20,h20_m0_l29,20,0,29,child,0.0,0.0,child:0.0; parent:0.0,51
2025-11-22 17:47:20,h20_m0_l29,20,0,29,child,0.0,0.0,child:0.0; parent:0.0,51
2025-11-22 17:47:20,h13_m1_l44,13,1,44,child,50.0,70.0,child:50.0; parent:70.0,52
2025-11-22 17:47:20,h13_m1_l44,13,1,44,child,50.0,70.0,child:50.0; parent:70.0,52
2025-11-22 17:47:20,h13_m1_l44,13,1,44,child,50.0,70.0,child:50.0; parent:70.0,52
2025-11-22 17:47:20,h13_m1_l44,13,1,44,guest,60.0,70.0,child:50.0; guest:60.0; parent:70.0,53
2025-11-22 17:47:20,h13_m1_l44,13,1,44,guest,60.0,70.0,child:50.0; guest:60.0; parent:70.0,53
2025-11-22 17:47:20,h13_m1_l44,13,1,44,guest,60.0,70.0,child:50.0; guest:60.0; parent:70.0,53
2025-11-22 17:47:20,h13_m0_l13,13,0,13,child,0.0,0.0,child:0.0; parent:0.0,54
2025-11-22 17:47:20,h13_m0_l13,13,0,13,child,0.0,0.0,child:0.0; parent:0.0,54
2025-11-22 17:47:20,h13_m0_l13,13,0,13,child,0.0,0.0,child:0.0; parent:0.0,54
2025-11-22 17:47:20,h15_m1_l79,15,1,79,child,30.0,40.0,child:30.0; parent:40.0,55
2025-11-22 17:47:20,h15_m1_l79,15,1,79,child,30.0,40.0,child:30.0; parent:40.0,55
2025-11-22 17:47:20,h15_m1_l79,15,1,79,child,30.0,40.0,child:30.0; parent:40.0,55
2025-11-22 17:47:20,h16_m0_l14,16,0,14,child,0.0,0.0,child:0.0; parent:0.0,56
2025-11-22 17:47:20,h16_m0_l14,16,0,14,child,0.0,0.0,child:0.0; parent:0.0,56
2025-11-22 17:47:20,h16_m0_l14,16,0,14,child,0.0,0.0,child:0.0; parent:0.0,56
2025-11-22 17:47:20,h15_m0_l92,15,0,92,child,0.0,0.0,child:0.0; parent:0.0,57
2025-11-22 17:47:20,h15_m0_l92,15,0,92,child,0.0,0.0,child:0.0; parent:0.0,57
2025-11-22 17:47:20,h15_m0_l92,15,0,92,child,0.0,0.0,child:0.0; parent:0.0,57
2025-11-22 17:47:20,h9_m0_l59,9,0,59,child,0.0,0.0,child:0.0; parent:0.0,58
2025-11-22 17:47:20,h9_m0_l59,9,0,59,child,0.0,0.0,child:0.0; parent:0.0,58
2025-11-22 17:47:20,h9_m0_l59,9,0,59,child,0.0,0.0,child:0.0; parent:0.0,58
2025-11-22 17:47:20,h11_m0_l33,11,0,33,parent,0.0,0.0,child:0.0; parent:0.0,59
2025-11-22 17:47:20,h11_m0_l33,11,0,33,parent,0.0,0.0,child:0.0; parent:0.0,59
2025-11-22 17:47:20,h11_m0_l33,11,0,33,parent,0.0,0.0,child:0.0; parent:0.0,59
2025-11-22 17:47:20,h11_m0_l33,11,0,33,child,0.0,0.0,child:0.0; parent:0.0,60
2025-11-22 17:47:20,h11_m0_l33,11,0,33,child,0.0,0.0,child:0.0; parent:0.0,60
2025-11-22 17:47:20,h11_m0_l33,11,0,33,child,0.0,0.0,child:0.0; parent:0.0,60
2025-11-22 17:47:20,h19_m0_l84,19,0,84,child,0.0,0.0,child:0.0; parent:0.0,61
2025-11-22 17:47:20,h19_m0_l84,19,0,84,child,0.0,0.0,child:0.0; parent:0.0,61
2025-11-22 17:47:20,h19_m0_l84,19,0,84,child,0.0,0.0,child:0.0; parent:0.0,61
2025-11-22 17:47:20,h17_m1_l43,17,1,43,child,50.0,70.0,child:50.0; parent:70.0,62
2025-11-22 17:47:20,h17_m1_l43,17,1,43,child,50.0,70.0,child:50.0; parent:70.0,62
2025-11-22 17:47:20,h17_m1_l43,17,1,43,child,50.0,70.0,child:50.0; parent:70.0,62
2025-11-22 17:47:20,h17_m1_l43,17,1,43,guest,60.0,70.0,child:50.0; guest:60.0; parent:70.0,63
2025-11-22 17:47:20,h17_m1_l43,17,1,43,guest,60.0,70.0,child:50.0; guest:60.0; parent:70.0,63
2025-11-22 17:47:20,h17_m1_l43,17,1,43,guest,60.0,70.0,child:50.0; guest:60.0; parent:70.0,63
2025-11-22 17:47:20,h19_m0_l67,19,0,67,child,0.0,0.0,child:0.0; parent:0.0,64
2025-11-22 17:47:20,h19_m0_l67,19,0,67,child,0.0,0.0,child:0.0; parent:0.0,64
2025-11-22 17:47:20,h19_m0_l67,19,0,67,child,0.0,0.0,child:0.0; parent:0.0,64
2025-11-22 17:47:59,h15_m0_l74,15,0,74,child,0.0,0.0,parent:0.0; child:0.0,1
2025-11-22 17:47:59,h15_m0_l74,15,0,74,child,0.0,0.0,parent:0.0; child:0.0,1
2025-11-22 17:47:59,h15_m0_l74,15,0,74,child,0.0,0.0,parent:0.0; child:0.0,1
2025-11-22 17:47:59,h15_m0_l74,15,0,74,guest,0.0,0.0,parent:0.0; guest:0.0; child:0.0,2
2025-11-22 17:47:59,h15_m0_l74,15,0,74,guest,0.0,0.0,parent:0.0; guest:0.0; child:0.0,2
2025-11-22 17:47:59,h15_m0_l74,15,0,74,guest,0.0,0.0,parent:0.0; guest:0.0; child:0.0,2
2025-11-22 17:47:59,h19_m0_l73,19,0,73,child,0.0,0.0,parent:0.0; child:0.0,3
2025-11-22 17:47:59,h19_m0_l73,19,0,73,child,0.0,0.0,parent:0.0; child:0.0,3
2025-11-22 17:47:59,h19_m0_l73,19,0,73,child,0.0,0.0,parent:0.0; child:0.0,3
2025-11-22 17:47:59,h20_m1_l25,20,1,25,child,50.0,70.0,parent:70.0; child:50.0,4
2025-11-22 17:47:59,h20_m1_l25,20,1,25,child,50.0,70.0,parent:70.0; child:50.0,4
2025-11-22 17:47:59,h20_m1_l25,20,1,25,child,50.0,70.0,parent:70.0; child:50.0,4
2025-11-22 17:47:59,h11_m1_l7,11,1,7,child,60.0,80.0,parent:80.0; child:60.0,5
2025-11-22 17:47:59,h11_m1_l7,11,1,7,child,60.0,80.0,parent:80.0; child:60.0,5
2025-11-22 17:47:59,h11_m1_l7,11,1,7,child,60.0,80.0,parent:80.0; child:60.0,5
2025-11-22 17:47:59,h15_m1_l59,15,1,59,child,50.0,70.0,parent:70.0; child:50.0,6
2025-11-22 17:47:59,h15_m1_l59,15,1,59,child,50.0,70.0,parent:70.0; child:50.0,6
2025-11-22 17:47:59,h15_m1_l59,15,1,59,child,50.0,70.0,parent:70.0; child:50.0,6
2025-11-22 17:47:59,h18_m0_l33,18,0,33,child,0.0,0.0,parent:0.0; child:0.0,7
2025-11-22 17:47:59,h18_m0_l33,18,0,33,child,0.0,0.0,parent:0.0; child:0.0,7
2025-11-22 17:47:59,h18_m0_l33,18,0,33,child,0.0,0.0,parent:0.0; child:0.0,7
2025-11-22 17:47:59,h11_m1_l5,11,1,5,guest,70.0,80.0,parent:80.0; guest:70.0,8
2025-11-22 17:47:59,h11_m1_l5,11,1,5,guest,70.0,80.0,parent:80.0; guest:70.0,8
2025-11-22 17:47:59,h11_m1_l5,11,1,5,guest,70.0,80.0,parent:80.0; guest:70.0,8
2025-11-22 17:47:59,h9_m1_l31,9,1,31,child,50.0,70.0,parent:70.0; child:50.0,9
2025-11-22 17:47:59,h9_m1_l31,9,1,31,child,50.0,70.0,parent:70.0; child:50.0,9
2025-11-22 17:47:59,h9_m1_l31,9,1,31,child,50.0,70.0,parent:70.0; child:50.0,9
2025-11-22 17:47:59,h9_m1_l31,9,1,31,guest,60.0,70.0,parent:70.0; guest:60.0; child:50.0,10
2025-11-22 17:47:59,h9_m1_l31,9,1,31,guest,60.0,70.0,parent:70.0; guest:60.0; child:50.0,10
2025-11-22 17:47:59,h9_m1_l31,9,1,31,guest,60.0,70.0,parent:70.0; guest:60.0; child:50.0,10
2025-11-22 17:47:59,h10_m0_l69,10,0,69,child,0.0,0.0,parent:0.0; child:0.0,11
2025-11-22 17:47:59,h10_m0_l69,10,0,69,child,0.0,0.0,parent:0.0; child:0.0,11
2025-11-22 17:47:59,h10_m0_l69,10,0,69,child,0.0,0.0,parent:0.0; child:0.0,11
2025-11-22 17:47:59,h17_m0_l42,17,0,42,child,0.0,0.0,parent:0.0; child:0.0,12
2025-11-22 17:47:59,h17_m0_l42,17,0,42,child,0.0,0.0,parent:0.0; child:0.0,12
2025-11-22 17:47:59,h17_m0_l42,17,0,42,child,0.0,0.0,parent:0.0; child:0.0,12
2025-11-22 17:47:59,h17_m0_l42,17,0,42,guest,0.0,0.0,parent:0.0; guest:0.0; child:0.0,13
2025-11-22 17:47:59,h17_m0_l42,17,0,42,guest,0.0,0.0,parent:0.0; guest:0.0; child:0.0,13
2025-11-22 17:47:59,h17_m0_l42,17,0,42,guest,0.0,0.0,parent:0.0; guest:0.0; child:0.0,13
2025-11-22 17:47:59,h18_m0_l62,18,0,62,child,0.0,0.0,parent:0.0; child:0.0,14
2025-11-22 17:47:59,h18_m0_l62,18,0,62,child,0.0,0.0,parent:0.0; child:0.0,14
2025-11-22 17:47:59,h18_m0_l62,18,0,62,child,0.0,0.0,parent:0.0; child:0.0,14
2025-11-22 17:47:59,h7_m1_l96,7,1,96,child,30.0,40.0,parent:40.0; child:30.0,15
2025-11-22 17:47:59,h7_m1_l96,7,1,96,child,30.0,40.0,parent:40.0; child:30.0,15
2025-11-22 17:47:59,h7_m1_l96,7,1,96,child,30.0,40.0,parent:40.0; child:30.0,15
2025-11-22 17:47:59,h18_m1_l29,18,1,29,child,50.0,70.0,parent:70.0; child:50.0,16
2025-11-22 17:47:59,h18_m1_l29,18,1,29,child,50.0,70.0,parent:70.0; child:50.0,16
2025-11-22 17:47:59,h18_m1_l29,18,1,29,child,50.0,70.0,parent:70.0; child:50.0,16
2025-11-22 17:47:59,h11_m0_l43,11,0,43,guest,0.0,0.0,parent:0.0; guest:0.0,17
2025-11-22 17:47:59,h11_m0_l43,11,0,43,guest,0.0,0.0,parent:0.0; guest:0.0,17
2025-11-22 17:47:59,h11_m0_l43,11,0,43,guest,0.0,0.0,parent:0.0; guest:0.0,17
2025-11-22 17:47:59,h13_m0_l5,13,0,5,child,0.0,0.0,parent:0.0; child:0.0,18
2025-11-22 17:47:59,h13_m0_l5,13,0,5,child,0.0,0.0,parent:0.0; child:0.0,18
2025-11-22 17:47:59,h13_m0_l5,13,0,5,child,0.0,0.0,parent:0.0; child:0.0,18
2025-11-22 17:47:59,h10_m0_l39,10,0,39,child,0.0,0.0,parent:0.0; child:0.0,19
2025-11-22 17:47:59,h10_m0_l39,10,0,39,child,0.0,0.0,parent:0.0; child:0.0,19
2025-11-22 17:47:59,h10_m0_l39,10,0,39,child,0.0,0.0,parent:0.0; child:0.0,19
2025-11-22 17:47:59,h17_m1_l90,17,1,90,guest,35.0,40.0,parent:40.0; guest:35.0,20
2025-11-22 17:47:59,h17_m1_l90,17,1,90,guest,35.0,40.0,parent:40.0; guest:35.0,20
2025-11-22 17:47:59,h17_m1_l90,17,1,90,guest,35.0,40.0,parent:40.0; guest:35.0,20
2025-11-22 17:47:59,h8_m1_l0,8,1,0,child,60.0,80.0,parent:80.0; child:60.0,21
2025-11-22 17:47:59,h8_m1_l0,8,1,0,child,60.0,80.0,parent:80.0; child:60.0,21
2025-11-22 17:47:59,h8_m1_l0,8,1,0,child,60.0,80.0,parent:80.0; child:60.0,21
2025-11-22 17:47:59,h15_m1_l9,15,1,9,child,60.0,80.0,parent:80.0; child:60.0,22
2025-11-22 17:47:59,h15_m1_l9,15,1,9,child,60.0,80.0,parent:80.0; child:60.0,22
2025-11-22 17:47:59,h15_m1_l9,15,1,9,child,60.0,80.0,parent:80.0; child:60.0,22
2025-11-22 17:47:59,h18_m0_l35,18,0,35,child,0.0,0.0,parent:0.0; child:0.0,23
2025-11-22 17:47:59,h18_m0_l35,18,0,35,child,0.0,0.0,parent:0.0; child:0.0,23
2025-11-22 17:47:59,h18_m0_l35,18,0,35,child,0.0,0.0,parent:0.0; child:0.0,23
2025-11-22 17:47:59,h12_m0_l7,12,0,7,guest,0.0,0.0,parent:0.0; guest:0.0,24
2025-11-22 17:47:59,h12_m0_l7,12,0,7,guest,0.0,0.0,parent:0.0; guest:0.0,24
2025-11-22 17:47:59,h12_m0_l7,12,0,7,guest,0.0,0.0,parent:0.0; guest:0.0,24
2025-11-22 17:47:59,h8_m1_l2,8,1,2,child,60.0,80.0,parent:80.0; child:60.0,25
2025-11-22 17:47:59,h8_m1_l2,8,1,2,child,60.0,80.0,parent:80.0; child:60.0,25
2025-11-22 17:47:59,h8_m1_l2,8,1,2,child,60.0,80.0,parent:80.0; child:60.0,25
2025-11-22 17:47:59,h14_m0_l69,14,0,69,child,0.0,0.0,parent:0.0; child:0.0,26
2025-11-22 17:47:59,h14_m0_l69,14,0,69,child,0.0,0.0,parent:0.0; child:0.0,26
2025-11-22 17:47:59,h14_m0_l69,14,0,69,child,0.0,0.0,parent:0.0; child:0.0,26
2025-11-22 17:47:59,h11_m1_l29,11,1,29,child,50.0,70.0,parent:70.0; child:50.0,27
2025-11-22 17:47:59,h11_m1_l29,11,1,29,child,50.0,70.0,parent:70.0; child:50.0,27
2025-11-22 17:47:59,h11_m1_l29,11,1,29,child,50.0,70.0,parent:70.0; child:50.0,27
2025-11-22 17:47:59,h12_m1_l35,12,1,35,guest,60.0,70.0,parent:70.0; guest:60.0,28
2025-11-22 17:47:59,h12_m1_l35,12,1,35,guest,60.0,70.0,parent:70.0; guest:60.0,28
2025-11-22 17:47:59,h12_m1_l35,12,1,35,guest,60.0,70.0,parent:70.0; guest:60.0,28
2025-11-22 17:47:59,h13_m1_l79,13,1,79,child,30.0,40.0,parent:40.0; child:30.0,29
2025-11-22 17:47:59,h13_m1_l79,13,1,79,child,30.0,40.0,parent:40.0; child:30.0,29
2025-11-22 17:47:59,h13_m1_l79,13,1,79,child,30.0,40.0,parent:40.0; child:30.0,29
2025-11-22 17:47:59,h13_m1_l79,13,1,79,guest,35.0,40.0,parent:40.0; guest:35.0; child:30.0,30
2025-11-22 17:47:59,h13_m1_l79,13,1,79,guest,35.0,40.0,parent:40.0; guest:35.0; child:30.0,30
2025-11-22 17:47:59,h13_m1_l79,13,1,79,guest,35.0,40.0,parent:40.0; guest:35.0; child:30.0,30
2025-11-22 17:47:59,h18_m0_l43,18,0,43,child,0.0,0.0,parent:0.0; child:0.0,31
2025-11-22 17:47:59,h18_m0_l43,18,0,43,child,0.0,0.0,parent:0.0; child:0.0,31
2025-11-22 17:47:59,h18_m0_l43,18,0,43,child,0.0,0.0,parent:0.0; child:0.0,31
2025-11-22 17:47:59,h15_m0_l65,15,0,65,child,0.0,0.0,parent:0.0; child:0.0,32
2025-11-22 17:47:59,h15_m0_l65,15,0,65,child,0.0,0.0,parent:0.0; child:0.0,32
2025-11-22 17:47:59,h15_m0_l65,15,0,65,child,0.0,0.0,parent:0.0; child:0.0,32
2025-11-22 17:47:59,h15_m0_l65,15,0,65,guest,0.0,0.0,parent:0.0; guest:0.0; child:0.0,33
2025-11-22 17:47:59,h15_m0_l65,15,0,65,guest,0.0,0.0,parent:0.0; guest:0.0; child:0.0,33
2025-11-22 17:47:59,h15_m0_l65,15,0,65,guest,0.0,0.0,parent:0.0; guest:0.0; child:0.0,33
2025-11-22 17:47:59,h7_m1_l51,7,1,51,child,50.0,70.0,parent:70.0; child:50.0,34
2025-11-22 17:47:59,h7_m1_l51,7,1,51,child,50.0,70.0,parent:70.0; child:50.0,34
2025-11-22 17:47:59,h7_m1_l51,7,1,51,child,50.0,70.0,parent:70.0; child:50.0,34
2025-11-22 17:47:59,h15_m0_l95,15,0,95,child,0.0,0.0,parent:0.0; child:0.0,35
2025-11-22 17:47:59,h15_m0_l95,15,0,95,child,0.0,0.0,parent:0.0; child:0.0,35
2025-11-22 17:47:59,h15_m0_l95,15,0,95,child,0.0,0.0,parent:0.0; child:0.0,35
2025-11-22 17:47:59,h17_m1_l19,17,1,19,child,60.0,80.0,parent:80.0; child:60.0,36
2025-11-22 17:47:59,h17_m1_l19,17,1,19,child,60.0,80.0,parent:80.0; child:60.0,36
2025-11-22 17:47:59,h17_m1_l19,17,1,19,child,60.0,80.0,parent:80.0; child:60.0,36
2025-11-22 17:47:59,h17_m0_l37,17,0,37,child,0.0,0.0,parent:0.0; child:0.0,37
2025-11-22 17:47:59,h17_m0_l37,17,0,37,child,0.0,0.0,parent:0.0; child:0.0,37
2025-11-22 17:47:59,h17_m0_l37,17,0,37,child,0.0,0.0,parent:0.0; child:0.0,37
2025-11-22 17:47:59,h17_m0_l37,17,0,37,guest,0.0,0.0,parent:0.0; guest:0.0; child:0.0,38
2025-11-22 17:47:59,h17_m0_l37,17,0,37,guest,0.0,0.0,parent:0.0; guest:0.0; child:0.0,38
2025-11-22 17:47:59,h17_m0_l37,17,0,37,guest,0.0,0.0,parent:0.0; guest:0.0; child:0.0,38
2025-11-22 17:47:59,h16_m0_l75,16,0,75,child,0.0,0.0,parent:0.0; child:0.0,39
2025-11-22 17:47:59,h16_m0_l75,16,0,75,child,0.0,0.0,parent:0.0; child:0.0,39
2025-11-22 17:47:59,h16_m0_l75,16,0,75,child,0.0,0.0,parent:0.0; child:0.0,39
2025-11-22 17:47:59,h16_m0_l75,16,0,75,guest,0.0,0.0,parent:0.0; guest:0.0; child:0.0,40
2025-11-22 17:47:59,h16_m0_l75,16,0,75,guest,0.0,0.0,parent:0.0; guest:0.0; child:0.0,40
2025-11-22 17:47:59,h16_m0_l75,16,0,75,guest,0.0,0.0,parent:0.0; guest:0.0; child:0.0,40
2025-11-22 17:47:59,h9_m1_l57,9,1,57,child,50.0,70.0,parent:70.0; child:50.0,41
2025-11-22 17:47:59,h9_m1_l57,9,1,57,child,50.0,70.0,parent:70.0; child:50.0,41
2025-11-22 17:47:59,h9_m1_l57,9,1,57,child,50.0,70.0,parent:70.0; child:50.0,41
2025-11-22 17:47:59,h19_m0_l84,19,0,84,child,0.0,0.0,parent:0.0; child:0.0,42
2025-11-22 17:47:59,h19_m0_l84,19,0,84,child,0.0,0.0,parent:0.0; child:0.0,42
2025-11-22 17:47:59,h19_m0_l84,19,0,84,child,0.0,0.0,parent:0.0; child:0.0,42
2025-11-22 17:47:59,h19_m1_l94,19,1,94,child,30.0,40.0,parent:40.0; child:30.0,43
2025-11-22 17:47:59,h19_m1_l94,19,1,94,child,30.0,40.0,parent:40.0; child:30.0,43
2025-11-22 17:47:59,h19_m1_l94,19,1,94,child,30.0,40.0,parent:40.0; child:30.0,43
2025-11-22 17:47:59,h16_m1_l51,16,1,51,child,50.0,70.0,parent:70.0; child:50.0,44
2025-11-22 17:47:59,h16_m1_l51,16,1,51,child,50.0,70.0,parent:70.0; child:50.0,44
2025-11-22 17:47:59,h16_m1_l51,16,1,51,child,50.0,70.0,parent:70.0; child:50.0,44
2025-11-22 17:47:59,h13_m1_l87,13,1,87,child,30.0,40.0,parent:40.0; child:30.0,45
2025-11-22 17:47:59,h13_m1_l87,13,1,87,child,30.0,40.0,parent:40.0; child:30.0,45
2025-11-22 17:47:59,h13_m1_l87,13,1,87,child,30.0,40.0,parent:40.0; child:30.0,45
2025-11-22 17:47:59,h10_m0_l45,10,0,45,guest,0.0,0.0,parent:0.0; guest:0.0,46
2025-11-22 17:47:59,h10_m0_l45,10,0,45,guest,0.0,0.0,parent:0.0; guest:0.0,46
2025-11-22 17:47:59,h10_m0_l45,10,0,45,guest,0.0,0.0,parent:0.0; guest:0.0,46
2025-11-22 17:47:59,h10_m1_l6,10,1,6,child,60.0,80.0,parent:80.0; child:60.0,47
2025-11-22 17:47:59,h10_m1_l6,10,1,6,child,60.0,80.0,parent:80.0; child:60.0,47
2025-11-22 17:47:59,h10_m1_l6,10,1,6,child,60.0,80.0,parent:80.0; child:60.0,47
2025-11-22 17:47:59,h17_m1_l73,17,1,73,child,30.0,40.0,parent:40.0; child:30.0,48
2025-11-22 17:47:59,h17_m1_l73,17,1,73,child,30.0,40.0,parent:40.0; child:30.0,48
2025-11-22 17:47:59,h17_m1_l73,17,1,73,child,30.0,40.0,parent:40.0; child:30.0,48
2025-11-22 17:47:59,h17_m1_l73,17,1,73,guest,35.0,40.0,parent:40.0; guest:35.0; child:30.0,49
2025-11-22 17:47:59,h17_m1_l73,17,1,73,guest,35.0,40.0,parent:40.0; guest:35.0; child:30.0,49
2025-11-22 17:47:59,h17_m1_l73,17,1,73,guest,35.0,40.0,parent:40.0; guest:35.0; child:30.0,49
2025-11-22 17:47:59,h20_m1_l45,20,1,45,child,50.0,70.0,parent:70.0; child:50.0,50
2025-11-22 17:47:59,h20_m1_l45,20,1,45,child,50.0,70.0,parent:70.0; child:50.0,50
2025-11-22 17:47:59,h20_m1_l45,20,1,45,child,50.0,70.0,parent:70.0; child:50.0,50
2025-11-22 17:47:59,h19_m1_l16,19,1,16,child,60.0,80.0,parent:80.0; child:60.0,51
2025-11-22 17:47:59,h19_m1_l16,19,1,16,child,60.0,80.0,parent:80.0; child:60.0,51
2025-11-22 17:47:59,h19_m1_l16,19,1,16,child,60.0,80.0,parent:80.0; child:60.0,51
2025-11-22 17:47:59,h16_m0_l92,16,0,92,child,0.0,0.0,parent:0.0; child:0.0,52
2025-11-22 17:47:59,h16_m0_l92,16,0,92,child,0.0,0.0,parent:0.0; child:0.0,52
2025-11-22 17:47:59,h16_m0_l92,16,0,92,child,0.0,0.0,parent:0.0; child:0.0,52
2025-11-22 17:47:59,h9_m0_l1,9,0,1,child,0.0,0.0,parent:0.0; child:0.0,53
2025-11-22 17:47:59,h9_m0_l1,9,0,1,child,0.0,0.0,parent:0.0; child:0.0,53
2025-11-22 17:47:59,h9_m0_l1,9,0,1,child,0.0,0.0,parent:0.0; child:0.0,53
2025-11-22 17:47:59,h19_m0_l10,19,0,10,child,0.0,0.0,parent:0.0; child:0.0,54
2025-11-22 17:47:59,h19_m0_l10,19,0,10,child,0.0,0.0,parent:0.0; child:0.0,54
2025-11-22 17:47:59,h19_m0_l10,19,0,10,child,0.0,0.0,parent:0.0; child:0.0,54
2025-11-22 17:47:59,h15_m0_l72,15,0,72,child,0.0,0.0,parent:0.0; child:0.0,55
2025-11-22 17:47:59,h15_m0_l72,15,0,72,child,0.0,0.0,parent:0.0; child:0.0,55
2025-11-22 17:47:59,h15_m0_l72,15,0,72,child,0.0,0.0,parent:0.0; child:0.0,55
2025-11-22 17:47:59,h15_m0_l72,15,0,72,guest,0.0,0.0,parent:0.0; guest:0.0; child:0.0,56
2025-11-22 17:47:59,h15_m0_l72,15,0,72,guest,0.0,0.0,parent:0.0; guest:0.0; child:0.0,56
2025-11-22 17:47:59,h15_m0_l72,15,0,72,guest,0.0,0.0,parent:0.0; guest:0.0; child:0.0,56
2025-11-22 17:47:59,h15_m1_l68,15,1,68,child,30.0,40.0,parent:40.0; child:30.0,57
2025-11-22 17:47:59,h15_m1_l68,15,1,68,child,30.0,40.0,parent:40.0; child:30.0,57
2025-11-22 17:47:59,h15_m1_l68,15,1,68,child,30.0,40.0,parent:40.0; child:30.0,57
2025-11-22 17:47:59,h8_m0_l9,8,0,9,child,0.0,0.0,parent:0.0; child:0.0,58
2025-11-22 17:47:59,h8_m0_l9,8,0,9,child,0.0,0.0,parent:0.0; child:0.0,58
2025-11-22 17:47:59,h8_m0_l9,8,0,9,child,0.0,0.0,parent:0.0; child:0.0,58
2025-11-22 17:47:59,h13_m0_l1,13,0,1,child,0.0,0.0,parent:0.0; child:0.0,59
2025-11-22 17:47:59,h13_m0_l1,13,0,1,child,0.0,0.0,parent:0.0; child:0.0,59
2025-11-22 17:47:59,h13_m0_l1,13,0,1,child,0.0,0.0,parent:0.0; child:0.0,59
2025-11-22 17:47:59,h18_m0_l56,18,0,56,child,0.0,0.0,parent:0.0; child:0.0,60
2025-11-22 17:47:59,h18_m0_l56,18,0,56,child,0.0,0.0,parent:0.0; child:0.0,60
2025-11-22 17:47:59,h18_m0_l56,18,0,56,child,0.0,0.0,parent:0.0; child:0.0,60
2025-11-22 17:47:59,h19_m1_l57,19,1,57,child,50.0,70.0,parent:70.0; child:50.0,61
2025-11-22 17:47:59,h19_m1_l57,19,1,57,child,50.0,70.0,parent:70.0; child:50.0,61
2025-11-22 17:47:59,h19_m1_l57,19,1,57,child,50.0,70.0,parent:70.0; child:50.0,61
2025-11-22 17:47:59,h18_m0_l18,18,0,18,child,0.0,0.0,parent:0.0; child:0.0,62
2025-11-22 17:47:59,h18_m0_l18,18,0,18,child,0.0,0.0,parent:0.0; child:0.0,62
2025-11-22 17:47:59,h18_m0_l18,18,0,18,child,0.0,0.0,parent:0.0; child:0.0,62
2025-11-22 17:47:59,h19_m0_l6,19,0,6,child,0.0,0.0,parent:0.0; child:0.0,63
2025-11-22 17:47:59,h19_m0_l6,19,0,6,child,0.0,0.0,parent:0.0; child:0.0,63
2025-11-22 17:47:59,h19_m0_l6,19,0,6,child,0.0,0.0,parent:0.0; child:0.0,63
2025-11-22 17:47:59,h15_m1_l84,15,1,84,child,30.0,40.0,parent:40.0; child:30.0,64
2025-11-22 17:47:59,h15_m1_l84,15,1,84,child,30.0,40.0,parent:40.0; child:30.0,64
2025-11-22 17:47:59,h15_m1_l84,15,1,84,child,30.0,40.0,parent:40.0; child:30.0,64
2025-11-22 17:47:59,h7_m0_l29,7,0,29,child,0.0,0.0,parent:0.0; child:0.0,65
2025-11-22 17:47:59,h7_m0_l29,7,0,29,child,0.0,0.0,parent:0.0; child:0.0,65
2025-11-22 17:47:59,h7_m0_l29,7,0,29,child,0.0,0.0,parent:0.0; child:0.0,65
2025-11-22 17:47:59,h15_m0_l81,15,0,81,child,0.0,0.0,parent:0.0; child:0.0,66
2025-11-22 17:47:59,h15_m0_l81,15,0,81,child,0.0,0.0,parent:0.0; child:0.0,66
2025-11-22 17:47:59,h15_m0_l81,15,0,81,child,0.0,0.0,parent:0.0; child:0.0,66
2025-11-22 17:47:59,h15_m0_l81,15,0,81,guest,0.0,0.0,parent:0.0; guest:0.0; child:0.0,67
2025-11-22 17:47:59,h15_m0_l81,15,0,81,guest,0.0,0.0,parent:0.0; guest:0.0; child:0.0,67
2025-11-22 17:47:59,h15_m0_l81,15,0,81,guest,0.0,0.0,parent:0.0; guest:0.0; child:0.0,67
2025-11-22 17:47:59,h13_m0_l75,13,0,75,child,0.0,0.0,parent:0.0; child:0.0,68
2025-11-22 17:47:59,h13_m0_l75,13,0,75,child,0.0,0.0,parent:0.0; child:0.0,68
2025-11-22 17:47:59,h13_m0_l75,13,0,75,child,0.0,0.0,parent:0.0; child:0.0,68
2025-11-22 17:48:00,h14_m0_l31,14,0,31,child,0.0,0.0,parent:0.0; child:0.0,69
2025-11-22 17:48:00,h14_m0_l31,14,0,31,child,0.0,0.0,parent:0.0; child:0.0,69
2025-11-22 17:48:00,h14_m0_l31,14,0,31,child,0.0,0.0,parent:0.0; child:0.0,69
2025-11-22 17:48:00,h19_m0_l5,19,0,5,child,0.0,0.0,parent:0.0; child:0.0,70
2025-11-22 17:48:00,h19_m0_l5,19,0,5,child,0.0,0.0,parent:0.0; child:0.0,70
2025-11-22 17:48:00,h19_m0_l5,19,0,5,child,0.0,0.0,parent:0.0; child:0.0,70
2025-11-22 17:48:00,h14_m1_l68,14,1,68,guest,35.0,40.0,parent:40.0; guest:35.0,71
2025-11-22 17:48:00,h14_m1_l68,14,1,68,guest,35.0,40.0,parent:40.0; guest:35.0,71
2025-11-22 17:48:00,h14_m1_l68,14,1,68,guest,35.0,40.0,parent:40.0; guest:35.0,71
2025-11-22 17:48:00,h12_m1_l92,12,1,92,child,30.0,40.0,parent:40.0; child:30.0,72
2025-11-22 17:48:00,h12_m1_l92,12,1,92,child,30.0,40.0,parent:40.0; child:30.0,72
2025-11-22 17:48:00,h12_m1_l92,12,1,92,child,30.0,40.0,parent:40.0; child:30.0,72
2025-11-22 17:48:00,h12_m1_l92,12,1,92,guest,35.0,40.0,parent:40.0; guest:35.0; child:30.0,73
2025-11-22 17:48:00,h12_m1_l92,12,1,92,guest,35.0,40.0,parent:40.0; guest:35.0; child:30.0,73
2025-11-22 17:48:00,h12_m1_l92,12,1,92,guest,35.0,40.0,parent:40.0; guest:35.0; child:30.0,73
2025-11-22 17:48:00,h19_m0_l40,19,0,40,child,0.0,0.0,parent:0.0; child:0.0,74
2025-11-22 17:48:00,h19_m0_l40,19,0,40,child,0.0,0.0,parent:0.0; child:0.0,74
2025-11-22 17:48:00,h19_m0_l40,19,0,40,child,0.0,0.0,parent:0.0; child:0.0,74
2025-11-22 17:48:00,h14_m1_l4,14,1,4,child,60.0,80.0,parent:80.0; child:60.0,75
2025-11-22 17:48:00,h14_m1_l4,14,1,4,child,60.0,80.0,parent:80.0; child:60.0,75
2025-11-22 17:48:00,h14_m1_l4,14,1,4,child,60.0,80.0,parent:80.0; child:60.0,75
2025-11-22 17:48:00,h14_m1_l4,14,1,4,guest,70.0,80.0,parent:80.0; guest:70.0; child:60.0,76
2025-11-22 17:48:00,h14_m1_l4,14,1,4,guest,70.0,80.0,parent:80.0; guest:70.0; child:60.0,76
2025-11-22 17:48:00,h14_m1_l4,14,1,4,guest,70.0,80.0,parent:80.0; guest:70.0; child:60.0,76
2025-11-22 17:48:00,h10_m1_l59,10,1,59,child,50.0,70.0,parent:70.0; child:50.0,77
2025-11-22 17:48:00,h10_m1_l59,10,1,59,child,50.0,70.0,parent:70.0; child:50.0,77
2025-11-22 17:48:00,h10_m1_l59,10,1,59,child,50.0,70.0,parent:70.0; child:50.0,77
2025-11-22 17:48:00,h15_m1_l21,15,1,21,child,50.0,70.0,parent:70.0; child:50.0,78
2025-11-22 17:48:00,h15_m1_l21,15,1,21,child,50.0,70.0,parent:70.0; child:50.0,78
2025-11-22 17:48:00,h15_m1_l21,15,1,21,child,50.0,70.0,parent:70.0; child:50.0,78
2025-11-22 17:50:25,h15_m1_l18,15,1,18,child,60.0,80.0,parent:80.0; child:60.0,1
2025-11-22 17:50:25,h15_m1_l18,15,1,18,child,60.0,80.0,parent:80.0; child:60.0,1
2025-11-22 17:50:25,h15_m1_l18,15,1,18,child,60.0,80.0,parent:80.0; child:60.0,1
2025-11-22 17:50:25,h12_m1_l55,12,1,55,child,50.0,70.0,parent:70.0; child:50.0,2
2025-11-22 17:50:25,h12_m1_l55,12,1,55,child,50.0,70.0,parent:70.0; child:50.0,2
2025-11-22 17:50:25,h12_m1_l55,12,1,55,child,50.0,70.0,parent:70.0; child:50.0,2
2025-11-22 17:50:25,h12_m1_l55,12,1,55,guest,60.0,70.0,parent:70.0; child:50.0; guest:60.0,3
2025-11-22 17:50:25,h12_m1_l55,12,1,55,guest,60.0,70.0,parent:70.0; child:50.0; guest:60.0,3
2025-11-22 17:50:25,h12_m1_l55,12,1,55,guest,60.0,70.0,parent:70.0; child:50.0; guest:60.0,3
2025-11-22 17:50:25,h14_m1_l36,14,1,36,child,50.0,70.0,parent:70.0; child:50.0,4
2025-11-22 17:50:25,h14_m1_l36,14,1,36,child,50.0,70.0,parent:70.0; child:50.0,4
2025-11-22 17:50:25,h14_m1_l36,14,1,36,child,50.0,70.0,parent:70.0; child:50.0,4
2025-11-22 17:50:25,h14_m1_l91,14,1,91,child,30.0,40.0,parent:40.0; child:30.0,5
2025-11-22 17:50:25,h14_m1_l91,14,1,91,child,30.0,40.0,parent:40.0; child:30.0,5
2025-11-22 17:50:25,h14_m1_l91,14,1,91,child,30.0,40.0,parent:40.0; child:30.0,5
2025-11-22 17:50:25,h14_m0_l2,14,0,2,guest,0.0,0.0,parent:0.0; guest:0.0,6
2025-11-22 17:50:25,h14_m0_l2,14,0,2,guest,0.0,0.0,parent:0.0; guest:0.0,6
2025-11-22 17:50:25,h14_m0_l2,14,0,2,guest,0.0,0.0,parent:0.0; guest:0.0,6
2025-11-22 17:50:25,h11_m0_l65,11,0,65,child,0.0,0.0,parent:0.0; child:0.0,7
2025-11-22 17:50:25,h11_m0_l65,11,0,65,child,0.0,0.0,parent:0.0; child:0.0,7
2025-11-22 17:50:25,h11_m0_l65,11,0,65,child,0.0,0.0,parent:0.0; child:0.0,7
2025-11-22 17:50:25,h19_m0_l37,19,0,37,child,0.0,0.0,parent:0.0; child:0.0,8
2025-11-22 17:50:25,h19_m0_l37,19,0,37,child,0.0,0.0,parent:0.0; child:0.0,8
2025-11-22 17:50:25,h19_m0_l37,19,0,37,child,0.0,0.0,parent:0.0; child:0.0,8
2025-11-22 17:50:25,h12_m0_l70,12,0,70,guest,0.0,0.0,parent:0.0; guest:0.0,9
2025-11-22 17:50:25,h12_m0_l70,12,0,70,guest,0.0,0.0,parent:0.0; guest:0.0,9
2025-11-22 17:50:25,h12_m0_l70,12,0,70,guest,0.0,0.0,parent:0.0; guest:0.0,9
2025-11-22 17:50:25,h16_m1_l73,16,1,73,child,30.0,40.0,parent:40.0; child:30.0,10
2025-11-22 17:50:25,h16_m1_l73,16,1,73,child,30.0,40.0,parent:40.0; child:30.0,10
2025-11-22 17:50:25,h16_m1_l73,16,1,73,child,30.0,40.0,parent:40.0; child:30.0,10
2025-11-22 17:50:25,h14_m1_l78,14,1,78,child,30.0,40.0,parent:40.0; child:30.0,11
2025-11-22 17:50:25,h14_m1_l78,14,1,78,child,30.0,40.0,parent:40.0; child:30.0,11
2025-11-22 17:50:25,h14_m1_l78,14,1,78,child,30.0,40.0,parent:40.0; child:30.0,11
2025-11-22 17:50:25,h17_m1_l2,17,1,2,child,60.0,80.0,parent:80.0; child:60.0,12
2025-11-22 17:50:25,h17_m1_l2,17,1,2,child,60.0,80.0,parent:80.0; child:60.0,12
2025-11-22 17:50:25,h17_m1_l2,17,1,2,child,60.0,80.0,parent:80.0; child:60.0,12
2025-11-22 17:50:25,h17_m1_l2,17,1,2,guest,70.0,80.0,parent:80.0; child:60.0; guest:70.0,13
2025-11-22 17:50:25,h17_m1_l2,17,1,2,guest,70.0,80.0,parent:80.0; child:60.0; guest:70.0,13
2025-11-22 17:50:25,h17_m1_l2,17,1,2,guest,70.0,80.0,parent:80.0; child:60.0; guest:70.0,13
2025-11-22 17:50:25,h12_m0_l86,12,0,86,child,0.0,0.0,parent:0.0; child:0.0,14
2025-11-22 17:50:25,h12_m0_l86,12,0,86,child,0.0,0.0,parent:0.0; child:0.0,14
2025-11-22 17:50:25,h12_m0_l86,12,0,86,child,0.0,0.0,parent:0.0; child:0.0,14
2025-11-22 17:50:25,h12_m0_l86,12,0,86,guest,0.0,0.0,parent:0.0; child:0.0; guest:0.0,15
2025-11-22 17:50:25,h12_m0_l86,12,0,86,guest,0.0,0.0,parent:0.0; child:0.0; guest:0.0,15
2025-11-22 17:50:25,h12_m0_l86,12,0,86,guest,0.0,0.0,parent:0.0; child:0.0; guest:0.0,15
2025-11-22 17:50:25,h17_m1_l50,17,1,50,child,50.0,70.0,parent:70.0; child:50.0,16
2025-11-22 17:50:25,h17_m1_l50,17,1,50,child,50.0,70.0,parent:70.0; child:50.0,16
2025-11-22 17:50:25,h17_m1_l50,17,1,50,child,50.0,70.0,parent:70.0; child:50.0,16
2025-11-22 17:50:25,h17_m1_l50,17,1,50,guest,60.0,70.0,parent:70.0; child:50.0; guest:60.0,17
2025-11-22 17:50:25,h17_m1_l50,17,1,50,guest,60.0,70.0,parent:70.0; child:50.0; guest:60.0,17
2025-11-22 17:50:25,h17_m1_l50,17,1,50,guest,60.0,70.0,parent:70.0; child:50.0; guest:60.0,17
2025-11-22 17:50:25,h12_m0_l98,12,0,98,child,0.0,0.0,parent:0.0; child:0.0,18
2025-11-22 17:50:25,h12_m0_l98,12,0,98,child,0.0,0.0,parent:0.0; child:0.0,18
2025-11-22 17:50:25,h12_m0_l98,12,0,98,child,0.0,0.0,parent:0.0; child:0.0,18
2025-11-22 17:50:25,h19_m0_l3,19,0,3,child,0.0,0.0,parent:0.0; child:0.0,19
2025-11-22 17:50:25,h19_m0_l3,19,0,3,child,0.0,0.0,parent:0.0; child:0.0,19
2025-11-22 17:50:25,h19_m0_l3,19,0,3,child,0.0,0.0,parent:0.0; child:0.0,19
2025-11-22 17:50:25,h14_m0_l44,14,0,44,child,0.0,0.0,parent:0.0; child:0.0,20
2025-11-22 17:50:25,h14_m0_l44,14,0,44,child,0.0,0.0,parent:0.0; child:0.0,20
2025-11-22 17:50:25,h14_m0_l44,14,0,44,child,0.0,0.0,parent:0.0; child:0.0,20
2025-11-22 17:50:25,h14_m0_l44,14,0,44,guest,0.0,0.0,parent:0.0; child:0.0; guest:0.0,21
2025-11-22 17:50:25,h14_m0_l44,14,0,44,guest,0.0,0.0,parent:0.0; child:0.0; guest:0.0,21
2025-11-22 17:50:25,h14_m0_l44,14,0,44,guest,0.0,0.0,parent:0.0; child:0.0; guest:0.0,21
2025-11-22 17:50:25,h9_m1_l32,9,1,32,child,50.0,70.0,parent:70.0; child:50.0,22
2025-11-22 17:50:25,h9_m1_l32,9,1,32,child,50.0,70.0,parent:70.0; child:50.0,22
2025-11-22 17:50:25,h9_m1_l32,9,1,32,child,50.0,70.0,parent:70.0; child:50.0,22
2025-11-22 17:50:25,h9_m1_l32,9,1,32,guest,60.0,70.0,parent:70.0; child:50.0; guest:60.0,23
2025-11-22 17:50:25,h9_m1_l32,9,1,32,guest,60.0,70.0,parent:70.0; child:50.0; guest:60.0,23
2025-11-22 17:50:25,h9_m1_l32,9,1,32,guest,60.0,70.0,parent:70.0; child:50.0; guest:60.0,23
2025-11-22 17:50:25,h16_m1_l75,16,1,75,child,30.0,40.0,parent:40.0; child:30.0,24
2025-11-22 17:50:25,h16_m1_l75,16,1,75,child,30.0,40.0,parent:40.0; child:30.0,24
2025-11-22 17:50:25,h16_m1_l75,16,1,75,child,30.0,40.0,parent:40.0; child:30.0,24
2025-11-22 17:50:25,h12_m1_l93,12,1,93,child,30.0,40.0,parent:40.0; child:30.0,25
2025-11-22 17:50:26,h12_m1_l93,12,1,93,child,30.0,40.0,parent:40.0; child:30.0,25
2025-11-22 17:50:26,h12_m1_l93,12,1,93,child,30.0,40.0,parent:40.0; child:30.0,25
2025-11-22 17:50:26,h12_m1_l93,12,1,93,guest,35.0,40.0,parent:40.0; child:30.0; guest:35.0,26
2025-11-22 17:50:26,h12_m1_l93,12,1,93,guest,35.0,40.0,parent:40.0; child:30.0; guest:35.0,26
2025-11-22 17:50:26,h12_m1_l93,12,1,93,guest,35.0,40.0,parent:40.0; child:30.0; guest:35.0,26
2025-11-22 17:50:26,h7_m0_l63,7,0,63,child,0.0,0.0,parent:0.0; child:0.0,27
2025-11-22 17:50:26,h7_m0_l63,7,0,63,child,0.0,0.0,parent:0.0; child:0.0,27
2025-11-22 17:50:26,h7_m0_l63,7,0,63,child,0.0,0.0,parent:0.0; child:0.0,27
2025-11-22 17:50:26,h15_m1_l20,15,1,20,guest,60.0,70.0,parent:70.0; guest:60.0,28
2025-11-22 17:50:26,h15_m1_l20,15,1,20,guest,60.0,70.0,parent:70.0; guest:60.0,28
2025-11-22 17:50:26,h15_m1_l20,15,1,20,guest,60.0,70.0,parent:70.0; guest:60.0,28
2025-11-22 17:50:26,h19_m1_l6,19,1,6,child,60.0,80.0,parent:80.0; child:60.0,29
2025-11-22 17:50:26,h19_m1_l6,19,1,6,child,60.0,80.0,parent:80.0; child:60.0,29
2025-11-22 17:50:26,h19_m1_l6,19,1,6,child,60.0,80.0,parent:80.0; child:60.0,29
2025-11-22 17:50:26,h17_m1_l47,17,1,47,child,50.0,70.0,parent:70.0; child:50.0,30
2025-11-22 17:50:26,h17_m1_l47,17,1,47,child,50.0,70.0,parent:70.0; child:50.0,30
2025-11-22 17:50:26,h17_m1_l47,17,1,47,child,50.0,70.0,parent:70.0; child:50.0,30
2025-11-22 17:50:26,h17_m1_l47,17,1,47,guest,60.0,70.0,parent:70.0; child:50.0; guest:60.0,31
2025-11-22 17:50:26,h17_m1_l47,17,1,47,guest,60.0,70.0,parent:70.0; child:50.0; guest:60.0,31
2025-11-22 17:50:26,h17_m1_l47,17,1,47,guest,60.0,70.0,parent:70.0; child:50.0; guest:60.0,31
2025-11-22 17:50:26,h19_m1_l21,19,1,21,child,50.0,70.0,parent:70.0; child:50.0,32
2025-11-22 17:50:26,h19_m1_l21,19,1,21,child,50.0,70.0,parent:70.0; child:50.0,32
2025-11-22 17:50:26,h19_m1_l21,19,1,21,child,50.0,70.0,parent:70.0; child:50.0,32
2025-11-22 17:50:26,h9_m1_l58,9,1,58,child,50.0,70.0,parent:70.0; child:50.0,33
2025-11-22 17:50:26,h9_m1_l58,9,1,58,child,50.0,70.0,parent:70.0; child:50.0,33
2025-11-22 17:50:26,h9_m1_l58,9,1,58,child,50.0,70.0,parent:70.0; child:50.0,33
2025-11-22 17:50:26,h9_m0_l66,9,0,66,child,0.0,0.0,parent:0.0; child:0.0,34
2025-11-22 17:50:26,h9_m0_l66,9,0,66,child,0.0,0.0,parent:0.0; child:0.0,34
2025-11-22 17:50:26,h9_m0_l66,9,0,66,child,0.0,0.0,parent:0.0; child:0.0,34
2025-11-22 17:50:26,h13_m0_l6,13,0,6,child,0.0,0.0,parent:0.0; child:0.0,35
2025-11-22 17:50:26,h13_m0_l6,13,0,6,child,0.0,0.0,parent:0.0; child:0.0,35
2025-11-22 17:50:26,h13_m0_l6,13,0,6,child,0.0,0.0,parent:0.0; child:0.0,35
2025-11-22 17:50:26,h13_m0_l6,13,0,6,guest,0.0,0.0,parent:0.0; child:0.0; guest:0.0,36
2025-11-22 17:50:26,h13_m0_l6,13,0,6,guest,0.0,0.0,parent:0.0; child:0.0; guest:0.0,36
2025-11-22 17:50:26,h13_m0_l6,13,0,6,guest,0.0,0.0,parent:0.0; child:0.0; guest:0.0,36
2025-11-22 17:50:26,h8_m1_l78,8,1,78,child,30.0,40.0,parent:40.0; child:30.0,37
2025-11-22 17:50:26,h8_m1_l78,8,1,78,child,30.0,40.0,parent:40.0; child:30.0,37
2025-11-22 17:50:26,h8_m1_l78,8,1,78,child,30.0,40.0,parent:40.0; child:30.0,37
2025-11-22 17:50:26,h13_m1_l84,13,1,84,child,30.0,40.0,parent:40.0; child:30.0,38
2025-11-22 17:50:26,h13_m1_l84,13,1,84,child,30.0,40.0,parent:40.0; child:30.0,38
2025-11-22 17:50:26,h13_m1_l84,13,1,84,child,30.0,40.0,parent:40.0; child:30.0,38
2025-11-22 17:50:26,h9_m1_l67,9,1,67,child,30.0,40.0,parent:40.0; child:30.0,39
2025-11-22 17:50:26,h9_m1_l67,9,1,67,child,30.0,40.0,parent:40.0; child:30.0,39
2025-11-22 17:50:26,h9_m1_l67,9,1,67,child,30.0,40.0,parent:40.0; child:30.0,39
2025-11-22 17:50:26,h9_m1_l67,9,1,67,guest,35.0,40.0,parent:40.0; child:30.0; guest:35.0,40
2025-11-22 17:50:26,h9_m1_l67,9,1,67,guest,35.0,40.0,parent:40.0; child:30.0; guest:35.0,40
2025-11-22 17:50:26,h9_m1_l67,9,1,67,guest,35.0,40.0,parent:40.0; child:30.0; guest:35.0,40
2025-11-22 17:50:26,h19_m1_l69,19,1,69,child,30.0,40.0,parent:40.0; child:30.0,41
2025-11-22 17:50:26,h19_m1_l69,19,1,69,child,30.0,40.0,parent:40.0; child:30.0,41
2025-11-22 17:50:26,h19_m1_l69,19,1,69,child,30.0,40.0,parent:40.0; child:30.0,41
2025-11-22 17:50:26,h13_m0_l20,13,0,20,child,0.0,0.0,parent:0.0; child:0.0,42
2025-11-22 17:50:26,h13_m0_l20,13,0,20,child,0.0,0.0,parent:0.0; child:0.0,42
2025-11-22 17:50:26,h13_m0_l20,13,0,20,child,0.0,0.0,parent:0.0; child:0.0,42
2025-11-22 17:50:26,h13_m0_l57,13,0,57,child,0.0,0.0,parent:0.0; child:0.0,43
2025-11-22 17:50:26,h13_m0_l57,13,0,57,child,0.0,0.0,parent:0.0; child:0.0,43
2025-11-22 17:50:26,h13_m0_l57,13,0,57,child,0.0,0.0,parent:0.0; child:0.0,43
2025-11-22 17:50:26,h13_m0_l57,13,0,57,guest,0.0,0.0,parent:0.0; child:0.0; guest:0.0,44
2025-11-22 17:50:26,h13_m0_l57,13,0,57,guest,0.0,0.0,parent:0.0; child:0.0; guest:0.0,44
2025-11-22 17:50:26,h13_m0_l57,13,0,57,guest,0.0,0.0,parent:0.0; child:0.0; guest:0.0,44
2025-11-22 17:50:26,h15_m1_l27,15,1,27,child,50.0,70.0,parent:70.0; child:50.0,45
2025-11-22 17:50:26,h15_m1_l27,15,1,27,child,50.0,70.0,parent:70.0; child:50.0,45
2025-11-22 17:50:26,h15_m1_l27,15,1,27,child,50.0,70.0,parent:70.0; child:50.0,45
2025-11-22 17:50:26,h7_m0_l94,7,0,94,child,0.0,0.0,parent:0.0; child:0.0,46
2025-11-22 17:50:26,h7_m0_l94,7,0,94,child,0.0,0.0,parent:0.0; child:0.0,46
2025-11-22 17:50:26,h7_m0_l94,7,0,94,child,0.0,0.0,parent:0.0; child:0.0,46
2025-11-22 17:50:26,h10_m1_l58,10,1,58,child,50.0,70.0,parent:70.0; child:50.0,47
2025-11-22 17:50:26,h10_m1_l58,10,1,58,child,50.0,70.0,parent:70.0; child:50.0,47
2025-11-22 17:50:26,h10_m1_l58,10,1,58,child,50.0,70.0,parent:70.0; child:50.0,47
2025-11-22 17:50:26,h15_m0_l64,15,0,64,child,0.0,0.0,parent:0.0; child:0.0,48
2025-11-22 17:50:26,h15_m0_l64,15,0,64,child,0.0,0.0,parent:0.0; child:0.0,48
2025-11-22 17:50:26,h15_m0_l64,15,0,64,child,0.0,0.0,parent:0.0; child:0.0,48
2025-11-22 17:50:26,h13_m1_l58,13,1,58,child,50.0,70.0,parent:70.0; child:50.0,49
2025-11-22 17:50:26,h13_m1_l58,13,1,58,child,50.0,70.0,parent:70.0; child:50.0,49
2025-11-22 17:50:26,h13_m1_l58,13,1,58,child,50.0,70.0,parent:70.0; child:50.0,49
2025-11-22 17:50:26,h10_m1_l6,10,1,6,guest,70.0,80.0,parent:80.0; guest:70.0,50
2025-11-22 17:50:26,h10_m1_l6,10,1,6,guest,70.0,80.0,parent:80.0; guest:70.0,50
2025-11-22 17:50:26,h10_m1_l6,10,1,6,guest,70.0,80.0,parent:80.0; guest:70.0,50
2025-11-22 17:50:26,h19_m0_l91,19,0,91,child,0.0,0.0,parent:0.0; child:0.0,51
2025-11-22 17:50:26,h19_m0_l91,19,0,91,child,0.0,0.0,parent:0.0; child:0.0,51
2025-11-22 17:50:26,h19_m0_l91,19,0,91,child,0.0,0.0,parent:0.0; child:0.0,51
2025-11-22 17:50:26,h17_m0_l85,17,0,85,child,0.0,0.0,parent:0.0; child:0.0,52
2025-11-22 17:50:26,h17_m0_l85,17,0,85,child,0.0,0.0,parent:0.0; child:0.0,52
2025-11-22 17:50:26,h17_m0_l85,17,0,85,child,0.0,0.0,parent:0.0; child:0.0,52
2025-11-22 17:50:26,h8_m1_l82,8,1,82,child,30.0,40.0,parent:40.0; child:30.0,53
2025-11-22 17:50:26,h8_m1_l82,8,1,82,child,30.0,40.0,parent:40.0; child:30.0,53
2025-11-22 17:50:26,h8_m1_l82,8,1,82,child,30.0,40.0,parent:40.0; child:30.0,53
2025-11-22 17:50:26,h9_m1_l52,9,1,52,child,50.0,70.0,parent:70.0; child:50.0,54
2025-11-22 17:50:26,h9_m1_l52,9,1,52,child,50.0,70.0,parent:70.0; child:50.0,54
2025-11-22 17:50:26,h9_m1_l52,9,1,52,child,50.0,70.0,parent:70.0; child:50.0,54
2025-11-22 17:50:26,h20_m1_l58,20,1,58,child,50.0,70.0,parent:70.0; child:50.0,55
2025-11-22 17:50:26,h20_m1_l58,20,1,58,child,50.0,70.0,parent:70.0; child:50.0,55
2025-11-22 17:50:26,h20_m1_l58,20,1,58,child,50.0,70.0,parent:70.0; child:50.0,55
2025-11-22 17:50:26,h12_m1_l69,12,1,69,guest,35.0,40.0,parent:40.0; guest:35.0,56
2025-11-22 17:50:26,h12_m1_l69,12,1,69,guest,35.0,40.0,parent:40.0; guest:35.0,56
2025-11-22 17:50:26,h12_m1_l69,12,1,69,guest,35.0,40.0,parent:40.0; guest:35.0,56
2025-11-22 17:50:26,h14_m0_l35,14,0,35,guest,0.0,0.0,parent:0.0; guest:0.0,57
2025-11-22 17:50:26,h14_m0_l35,14,0,35,guest,0.0,0.0,parent:0.0; guest:0.0,57
2025-11-22 17:50:26,h14_m0_l35,14,0,35,guest,0.0,0.0,parent:0.0; guest:0.0,57
2025-11-22 17:50:26,h8_m1_l95,8,1,95,child,30.0,40.0,parent:40.0; child:30.0,58
2025-11-22 17:50:26,h8_m1_l95,8,1,95,child,30.0,40.0,parent:40.0; child:30.0,58
2025-11-22 17:50:26,h8_m1_l95,8,1,95,child,30.0,40.0,parent:40.0; child:30.0,58
2025-11-22 17:50:26,h10_m0_l3,10,0,3,child,0.0,0.0,parent:0.0; child:0.0,59
2025-11-22 17:50:26,h10_m0_l3,10,0,3,child,0.0,0.0,parent:0.0; child:0.0,59
2025-11-22 17:50:26,h10_m0_l3,10,0,3,child,0.0,0.0,parent:0.0; child:0.0,59
2025-11-22 17:50:26,h12_m0_l48,12,0,48,child,0.0,0.0,parent:0.0; child:0.0,60
2025-11-22 17:50:26,h12_m0_l48,12,0,48,child,0.0,0.0,parent:0.0; child:0.0,60
2025-11-22 17:50:26,h12_m0_l48,12,0,48,child,0.0,0.0,parent:0.0; child:0.0,60
2025-11-22 17:50:26,h12_m0_l48,12,0,48,guest,0.0,0.0,parent:0.0; child:0.0; guest:0.0,61
2025-11-22 17:50:26,h12_m0_l48,12,0,48,guest,0.0,0.0,parent:0.0; child:0.0; guest:0.0,61
2025-11-22 17:50:26,h12_m0_l48,12,0,48,guest,0.0,0.0,parent:0.0; child:0.0; guest:0.0,61
2025-11-22 17:50:26,h13_m1_l49,13,1,49,child,50.0,70.0,parent:70.0; child:50.0,62
2025-11-22 17:50:26,h13_m1_l49,13,1,49,child,50.0,70.0,parent:70.0; child:50.0,62
2025-11-22 17:50:26,h13_m1_l49,13,1,49,child,50.0,70.0,parent:70.0; child:50.0,62
2025-11-22 17:50:26,h13_m1_l49,13,1,49,guest,60.0,70.0,parent:70.0; child:50.0; guest:60.0,63
2025-11-22 17:50:26,h13_m1_l49,13,1,49,guest,60.0,70.0,parent:70.0; child:50.0; guest:60.0,63
2025-11-22 17:50:26,h13_m1_l49,13,1,49,guest,60.0,70.0,parent:70.0; child:50.0; guest:60.0,63
2025-11-22 17:50:26,h10_m1_l21,10,1,21,child,50.0,70.0,parent:70.0; child:50.0,64
2025-11-22 17:50:26,h10_m1_l21,10,1,21,child,50.0,70.0,parent:70.0; child:50.0,64
2025-11-22 17:50:26,h10_m1_l21,10,1,21,child,50.0,70.0,parent:70.0; child:50.0,64
2025-11-22 17:50:26,h10_m1_l21,10,1,21,guest,60.0,70.0,parent:70.0; child:50.0; guest:60.0,65
2025-11-22 17:50:26,h10_m1_l21,10,1,21,guest,60.0,70.0,parent:70.0; child:50.0; guest:60.0,65
2025-11-22 17:50:26,h10_m1_l21,10,1,21,guest,60.0,70.0,parent:70.0; child:50.0; guest:60.0,65
2025-11-22 17:50:26,h10_m1_l13,10,1,13,child,60.0,80.0,parent:80.0; child:60.0,66
2025-11-22 17:50:26,h10_m1_l13,10,1,13,child,60.0,80.0,parent:80.0; child:60.0,66
2025-11-22 17:50:26,h10_m1_l13,10,1,13,child,60.0,80.0,parent:80.0; child:60.0,66
2025-11-22 17:50:26,h8_m1_l97,8,1,97,child,30.0,40.0,parent:40.0; child:30.0,67
2025-11-22 17:50:26,h8_m1_l97,8,1,97,child,30.0,40.0,parent:40.0; child:30.0,67
2025-11-22 17:50:26,h8_m1_l97,8,1,97,child,30.0,40.0,parent:40.0; child:30.0,67
2025-11-22 17:50:26,h12_m1_l37,12,1,37,child,50.0,70.0,parent:70.0; child:50.0,68
2025-11-22 17:50:26,h12_m1_l37,12,1,37,child,50.0,70.0,parent:70.0; child:50.0,68
2025-11-22 17:50:26,h12_m1_l37,12,1,37,child,50.0,70.0,parent:70.0; child:50.0,68
2025-11-22 17:50:26,h15_m1_l10,15,1,10,guest,70.0,80.0,parent:80.0; guest:70.0,69
2025-11-22 17:50:26,h15_m1_l10,15,1,10,guest,70.0,80.0,parent:80.0; guest:70.0,69
2025-11-22 17:50:26,h15_m1_l10,15,1,10,guest,70.0,80.0,parent:80.0; guest:70.0,69
2025-11-22 17:50:26,h12_m1_l55,12,1,55,parent,70.0,50.0,parent:70.0; child:50.0; guest:60.0,70
2025-11-22 17:50:26,h12_m1_l55,12,1,55,parent,70.0,50.0,parent:70.0; child:50.0; guest:60.0,70
2025-11-22 17:50:26,h12_m1_l55,12,1,55,parent,70.0,50.0,parent:70.0; child:50.0; guest:60.0,70
2025-11-22 17:50:26,h12_m1_l55,12,1,55,guest,60.0,70.0,parent:70.0; child:50.0; guest:60.0,71
2025-11-22 17:50:26,h12_m1_l55,12,1,55,guest,60.0,70.0,parent:70.0; child:50.0; guest:60.0,71
2025-11-22 17:50:26,h12_m1_l55,12,1,55,guest,60.0,70.0,parent:70.0; child:50.0; guest:60.0,71
2025-11-22 17:50:26,h20_m1_l52,20,1,52,child,50.0,70.0,parent:70.0; child:50.0,72
2025-11-22 17:50:26,h20_m1_l52,20,1,52,child,50.0,70.0,parent:70.0; child:50.0,72
2025-11-22 17:50:26,h20_m1_l52,20,1,52,child,50.0,70.0,parent:70.0; child:50.0,72
2025-11-22 17:50:26,h17_m1_l80,17,1,80,child,30.0,40.0,parent:40.0; child:30.0,73
2025-11-22 17:50:26,h17_m1_l80,17,1,80,child,30.0,40.0,parent:40.0; child:30.0,73
2025-11-22 17:50:26,h17_m1_l80,17,1,80,child,30.0,40.0,parent:40.0; child:30.0,73
2025-11-22 18:11:27,h18_m1_l43,18,1,43,guest,25.0,15.0,guest:25.0; parent:15.0,1
